#VRML V2.0 utf8
# 3D model generated by easyeda2kicad.py (https://github.com/uPesy/easyeda2kicad.py)

Shape{
    appearance Appearance {
        material  Material 	{
            diffuseColor 0.7529411764705882 0.7529411764705882 0.7529411764705882
            specularColor 0.3764705882352941 0.3764705882352941 0.3764705882352941
            ambientIntensity 0.7529
            transparency 0.0
            shininess 0.5
        }
    }
    geometry IndexedFaceSet {
        ccw TRUE
        solid FALSE
        coord DEF co Coordinate {
            point [
                1.3776 -0.1378 0.0748, 1.3776 -0.1378 0.2323, 1.3776 0.1378 0.0748, 1.3776 0.1378 0.2323, 1.1417 -0.1378 0.0748, 1.1417 0.1378 0.0748, 1.1417 -0.1378 -0.0039, 1.1417 0.1378 -0.0039, 1.3776 -0.1378 -0.0039, 1.3776 0.1378 -0.0039, 1.4563 0.1378 0.0748, 1.4563 0.1378 0.2323, 1.4563 -0.1378 0.0748, 1.4563 -0.1378 0.2323, 1.3899 -0.1378 -0.003, 1.4238 -0.1378 0.0111, 1.4332 -0.1378 0.0191, 1.4413 -0.1378 0.0285, 1.4477 -0.1378 0.0391, 1.4524 -0.1378 0.0505, 1.4553 -0.1378 0.0625, 1.4019 -0.1378 -0.0001, 1.4133 -0.1378 0.0046, 1.4553 0.1378 0.0625, 1.4413 0.1378 0.0285, 1.4332 0.1378 0.0191, 1.4238 0.1378 0.0111, 1.4133 0.1378 0.0046, 1.4019 0.1378 -0.0001, 1.3899 0.1378 -0.003, 1.4524 0.1378 0.0505, 1.4477 0.1378 0.0391, 1.3776 -0.689 0.0748, 1.3776 -0.689 0.2323, 1.3776 -0.4134 0.0748, 1.3776 -0.4134 0.2323, 1.1417 -0.689 0.0748, 1.1417 -0.4134 0.0748, 1.1417 -0.689 -0.0039, 1.1417 -0.4134 -0.0039, 1.3776 -0.689 -0.0039, 1.3776 -0.4134 -0.0039, 1.4563 -0.4134 0.0748, 1.4563 -0.4134 0.2323, 1.4563 -0.689 0.0748, 1.4563 -0.689 0.2323, 1.3899 -0.689 -0.003, 1.4238 -0.689 0.0111, 1.4332 -0.689 0.0191, 1.4413 -0.689 0.0285, 1.4477 -0.689 0.0391, 1.4524 -0.689 0.0505, 1.4553 -0.689 0.0625, 1.4019 -0.689 -0.0001, 1.4133 -0.689 0.0046, 1.4553 -0.4134 0.0625, 1.4413 -0.4134 0.0285, 1.4332 -0.4134 0.0191, 1.4238 -0.4134 0.0111, 1.4133 -0.4134 0.0046, 1.4019 -0.4134 -0.0001, 1.3899 -0.4134 -0.003, 1.4524 -0.4134 0.0505, 1.4477 -0.4134 0.0391, 1.3776 0.4134 0.0748, 1.3776 0.4134 0.2323, 1.3776 0.689 0.0748, 1.3776 0.689 0.2323, 1.1417 0.4134 0.0748, 1.1417 0.689 0.0748, 1.1417 0.4134 -0.0039, 1.1417 0.689 -0.0039, 1.3776 0.4134 -0.0039, 1.3776 0.689 -0.0039, 1.4563 0.689 0.0748, 1.4563 0.689 0.2323, 1.4563 0.4134 0.0748, 1.4563 0.4134 0.2323, 1.4238 0.4134 0.0111, 1.4332 0.4134 0.0191, 1.3899 0.4134 -0.003, 1.4413 0.4134 0.0285, 1.4477 0.4134 0.0391, 1.4524 0.4134 0.0505, 1.4553 0.4134 0.0625, 1.4019 0.4134 -0.0001, 1.4133 0.4134 0.0046, 1.4332 0.689 0.0191, 1.4238 0.689 0.0111, 1.4133 0.689 0.0046, 1.4553 0.689 0.0625, 1.4524 0.689 0.0505, 1.4477 0.689 0.0391, 1.4413 0.689 0.0285, 1.4019 0.689 -0.0001, 1.3899 0.689 -0.003, -1.3776 -0.689 0.2323, -1.3776 -0.689 0.0748, -1.3776 -0.4134 0.2323, -1.3776 -0.4134 0.0748, -1.1417 -0.689 0.0748, -1.1417 -0.4134 0.0748, -1.1417 -0.689 -0.0039, -1.1417 -0.4134 -0.0039, -1.3776 -0.689 -0.0039, -1.3776 -0.4134 -0.0039, -1.4563 -0.4134 0.2323, -1.4563 -0.4134 0.0748, -1.4563 -0.689 0.2323, -1.4563 -0.689 0.0748, -1.4553 -0.689 0.0625, -1.4413 -0.689 0.0285, -1.4332 -0.689 0.0191, -1.4238 -0.689 0.0111, -1.4133 -0.689 0.0046, -1.4019 -0.689 -0.0001, -1.3899 -0.689 -0.003, -1.4524 -0.689 0.0505, -1.4477 -0.689 0.0391, -1.3899 -0.4134 -0.003, -1.4238 -0.4134 0.0111, -1.4332 -0.4134 0.0191, -1.4413 -0.4134 0.0285, -1.4477 -0.4134 0.0391, -1.4524 -0.4134 0.0505, -1.4553 -0.4134 0.0625, -1.4019 -0.4134 -0.0001, -1.4133 -0.4134 0.0046, -1.3776 -0.1378 0.2323, -1.3776 -0.1378 0.0748, -1.3776 0.1378 0.2323, -1.3776 0.1378 0.0748, -1.1417 -0.1378 0.0748, -1.1417 0.1378 0.0748, -1.1417 -0.1378 -0.0039, -1.1417 0.1378 -0.0039, -1.3776 -0.1378 -0.0039, -1.3776 0.1378 -0.0039, -1.4563 0.1378 0.2323, -1.4563 0.1378 0.0748, -1.4563 -0.1378 0.2323, -1.4563 -0.1378 0.0748, -1.4553 -0.1378 0.0625, -1.4413 -0.1378 0.0285, -1.4332 -0.1378 0.0191, -1.4238 -0.1378 0.0111, -1.4133 -0.1378 0.0046, -1.4019 -0.1378 -0.0001, -1.3899 -0.1378 -0.003, -1.4524 -0.1378 0.0505, -1.4477 -0.1378 0.0391, -1.3899 0.1378 -0.003, -1.4238 0.1378 0.0111, -1.4332 0.1378 0.0191, -1.4413 0.1378 0.0285, -1.4477 0.1378 0.0391, -1.4524 0.1378 0.0505, -1.4553 0.1378 0.0625, -1.4019 0.1378 -0.0001, -1.4133 0.1378 0.0046, -1.3776 0.4134 0.2323, -1.3776 0.4134 0.0748, -1.3776 0.689 0.2323, -1.3776 0.689 0.0748, -1.1417 0.4134 0.0748, -1.1417 0.689 0.0748, -1.1417 0.4134 -0.0039, -1.1417 0.689 -0.0039, -1.3776 0.4134 -0.0039, -1.3776 0.689 -0.0039, -1.4563 0.689 0.2323, -1.4563 0.689 0.0748, -1.4563 0.4134 0.2323, -1.4563 0.4134 0.0748, -1.4553 0.4134 0.0625, -1.4413 0.4134 0.0285, -1.4332 0.4134 0.0191, -1.4238 0.4134 0.0111, -1.4133 0.4134 0.0046, -1.4019 0.4134 -0.0001, -1.3899 0.4134 -0.003, -1.4524 0.4134 0.0505, -1.4477 0.4134 0.0391, -1.3899 0.689 -0.003, -1.4238 0.689 0.0111, -1.4332 0.689 0.0191, -1.4413 0.689 0.0285, -1.4477 0.689 0.0391, -1.4524 0.689 0.0505, -1.4553 0.689 0.0625, -1.4019 0.689 -0.0001, -1.4133 0.689 0.0046
            ]
        }
        coordIndex [
            0,1,2,-1,2,1,3,-1,4,0,5,-1,5,0,2,-1,6,4,7,-1,7,4,5,-1,8,6,9,-1,9,6,7,-1,10,11,12,-1,12,11,13,-1,1,13,3,-1,3,13,11,-1,13,1,12,-1,12,1,0,-1,4,6,0,-1,0,6,8,-1,0,8,14,-1,15,16,0,-1,0,16,17,-1,0,17,18,-1,18,19,0,-1,0,19,20,-1,0,20,12,-1,14,21,0,-1,0,21,22,-1,0,22,15,-1,7,5,9,-1,9,5,2,-1,3,11,2,-1,2,11,10,-1,2,10,23,-1,24,25,2,-1,2,25,26,-1,2,26,27,-1,27,28,2,-1,2,28,29,-1,2,29,9,-1,23,30,2,-1,2,30,31,-1,2,31,24,-1,8,9,29,-1,8,29,14,-1,14,29,28,-1,14,28,21,-1,21,28,27,-1,21,27,22,-1,22,27,26,-1,22,26,15,-1,15,26,25,-1,15,25,16,-1,16,25,24,-1,16,24,17,-1,17,24,31,-1,17,31,18,-1,18,31,30,-1,18,30,19,-1,19,30,23,-1,19,23,20,-1,20,23,10,-1,20,10,12,-1,32,33,34,-1,34,33,35,-1,36,32,37,-1,37,32,34,-1,38,36,39,-1,39,36,37,-1,40,38,41,-1,41,38,39,-1,42,43,44,-1,44,43,45,-1,33,45,35,-1,35,45,43,-1,45,33,44,-1,44,33,32,-1,36,38,32,-1,32,38,40,-1,32,40,46,-1,47,48,32,-1,32,48,49,-1,32,49,50,-1,50,51,32,-1,32,51,52,-1,32,52,44,-1,46,53,32,-1,32,53,54,-1,32,54,47,-1,39,37,41,-1,41,37,34,-1,35,43,34,-1,34,43,42,-1,34,42,55,-1,56,57,34,-1,34,57,58,-1,34,58,59,-1,59,60,34,-1,34,60,61,-1,34,61,41,-1,55,62,34,-1,34,62,63,-1,34,63,56,-1,40,41,61,-1,40,61,46,-1,46,61,60,-1,46,60,53,-1,53,60,59,-1,53,59,54,-1,54,59,58,-1,54,58,47,-1,47,58,57,-1,47,57,48,-1,48,57,56,-1,48,56,49,-1,49,56,63,-1,49,63,50,-1,50,63,62,-1,50,62,51,-1,51,62,55,-1,51,55,52,-1,52,55,42,-1,52,42,44,-1,64,65,66,-1,66,65,67,-1,68,64,69,-1,69,64,66,-1,70,68,71,-1,71,68,69,-1,72,70,73,-1,73,70,71,-1,74,75,76,-1,76,75,77,-1,65,77,67,-1,67,77,75,-1,78,79,64,-1,68,70,64,-1,64,70,72,-1,64,72,80,-1,79,81,64,-1,64,81,82,-1,64,82,83,-1,77,65,76,-1,76,65,64,-1,76,64,84,-1,84,64,83,-1,80,85,64,-1,64,85,86,-1,64,86,78,-1,66,67,75,-1,71,69,73,-1,73,69,66,-1,87,88,66,-1,66,88,89,-1,75,74,66,-1,66,74,90,-1,66,90,91,-1,91,92,66,-1,66,92,93,-1,66,93,87,-1,89,94,66,-1,66,94,95,-1,66,95,73,-1,72,73,95,-1,72,95,80,-1,80,95,94,-1,80,94,85,-1,85,94,89,-1,85,89,86,-1,86,89,88,-1,86,88,78,-1,78,88,87,-1,78,87,79,-1,79,87,93,-1,79,93,81,-1,81,93,92,-1,81,92,82,-1,82,92,91,-1,82,91,83,-1,83,91,90,-1,83,90,84,-1,84,90,74,-1,84,74,76,-1,96,97,98,-1,98,97,99,-1,97,100,99,-1,99,100,101,-1,100,102,101,-1,101,102,103,-1,102,104,103,-1,103,104,105,-1,106,107,108,-1,108,107,109,-1,108,96,106,-1,106,96,98,-1,102,100,104,-1,104,100,97,-1,96,108,97,-1,97,108,109,-1,97,109,110,-1,111,112,97,-1,97,112,113,-1,97,113,114,-1,114,115,97,-1,97,115,116,-1,97,116,104,-1,110,117,97,-1,97,117,118,-1,97,118,111,-1,106,98,107,-1,107,98,99,-1,101,103,99,-1,99,103,105,-1,99,105,119,-1,120,121,99,-1,99,121,122,-1,99,122,123,-1,123,124,99,-1,99,124,125,-1,99,125,107,-1,119,126,99,-1,99,126,127,-1,99,127,120,-1,109,107,125,-1,109,125,110,-1,110,125,124,-1,110,124,117,-1,117,124,123,-1,117,123,118,-1,118,123,122,-1,118,122,111,-1,111,122,121,-1,111,121,112,-1,112,121,120,-1,112,120,113,-1,113,120,127,-1,113,127,114,-1,114,127,126,-1,114,126,115,-1,115,126,119,-1,115,119,116,-1,116,119,105,-1,116,105,104,-1,128,129,130,-1,130,129,131,-1,129,132,131,-1,131,132,133,-1,132,134,133,-1,133,134,135,-1,134,136,135,-1,135,136,137,-1,138,139,140,-1,140,139,141,-1,140,128,138,-1,138,128,130,-1,134,132,136,-1,136,132,129,-1,128,140,129,-1,129,140,141,-1,129,141,142,-1,143,144,129,-1,129,144,145,-1,129,145,146,-1,146,147,129,-1,129,147,148,-1,129,148,136,-1,142,149,129,-1,129,149,150,-1,129,150,143,-1,138,130,139,-1,139,130,131,-1,133,135,131,-1,131,135,137,-1,131,137,151,-1,152,153,131,-1,131,153,154,-1,131,154,155,-1,155,156,131,-1,131,156,157,-1,131,157,139,-1,151,158,131,-1,131,158,159,-1,131,159,152,-1,141,139,157,-1,141,157,142,-1,142,157,156,-1,142,156,149,-1,149,156,155,-1,149,155,150,-1,150,155,154,-1,150,154,143,-1,143,154,153,-1,143,153,144,-1,144,153,152,-1,144,152,145,-1,145,152,159,-1,145,159,146,-1,146,159,158,-1,146,158,147,-1,147,158,151,-1,147,151,148,-1,148,151,137,-1,148,137,136,-1,160,161,162,-1,162,161,163,-1,161,164,163,-1,163,164,165,-1,164,166,165,-1,165,166,167,-1,166,168,167,-1,167,168,169,-1,170,171,172,-1,172,171,173,-1,172,160,170,-1,170,160,162,-1,166,164,168,-1,168,164,161,-1,160,172,161,-1,161,172,173,-1,161,173,174,-1,175,176,161,-1,161,176,177,-1,161,177,178,-1,178,179,161,-1,161,179,180,-1,161,180,168,-1,174,181,161,-1,161,181,182,-1,161,182,175,-1,170,162,171,-1,171,162,163,-1,165,167,163,-1,163,167,169,-1,163,169,183,-1,184,185,163,-1,163,185,186,-1,163,186,187,-1,187,188,163,-1,163,188,189,-1,163,189,171,-1,183,190,163,-1,163,190,191,-1,163,191,184,-1,173,171,189,-1,173,189,174,-1,174,189,188,-1,174,188,181,-1,181,188,187,-1,181,187,182,-1,182,187,186,-1,182,186,175,-1,175,186,185,-1,175,185,176,-1,176,185,184,-1,176,184,177,-1,177,184,191,-1,177,191,178,-1,178,191,190,-1,178,190,179,-1,179,190,183,-1,179,183,180,-1,180,183,169,-1,180,169,168,-1,
        ]
    }
}
Shape{
    appearance Appearance {
        material  Material 	{
            diffuseColor 0.25098039215686274 0.25098039215686274 0.25098039215686274
            specularColor 0.12549019607843137 0.12549019607843137 0.12549019607843137
            ambientIntensity 0.251
            transparency 0.0
            shininess 0.5
        }
    }
    geometry IndexedFaceSet {
        ccw TRUE
        solid FALSE
        coord DEF co Coordinate {
            point [
                0.8903 -0.0776 0.0, 0.9046 -0.0625 0.0, 0.9046 -0.0956 0.0, -0.128 -1.3776 0.0, -0.2953 -1.3776 0.0, -0.2953 -0.9055 0.0, -1.1417 0.1378 0.0, -1.3776 0.1378 0.0, -1.3776 0.187 0.0, -1.3776 0.9843 0.0, -1.378 0.9843 0.0, -1.1319 1.2303 0.0, -0.1534 -0.8366 0.0, -0.128 -0.8698 0.0, -0.128 -0.9055 0.0, -0.1331 -0.0357 0.0, -0.128 -0.0481 0.0, -0.128 -0.0956 0.0, 0.2067 0.2547 0.0, 0.2106 0.2531 0.0, 0.2106 0.187 0.0, -0.3113 -0.5071 0.0, -0.2953 -0.5092 0.0, -0.2953 -0.5413 0.0, 0.3208 0.1025 0.0, 0.244 -0.0944 0.0, 0.2106 -0.0956 0.0, 0.2728 -0.0944 0.0, 0.2928 -0.0392 0.0, 0.3741 -0.0392 0.0, 0.3929 -0.0944 0.0, 0.4175 -0.0956 0.0, 0.4175 -0.0834 0.0, 0.4459 -0.0404 0.0, 0.4217 -0.0944 0.0, 0.4572 -0.058 0.0, 0.4734 -0.0736 0.0, 0.4175 0.1037 0.0, 0.4875 0.0913 0.0, 0.4661 0.077 0.0, 0.494 -0.0855 0.0, 0.5166 -0.0923 0.0, 0.541 -0.0944 0.0, 0.5945 -0.0944 0.0, 0.5945 0.1025 0.0, 0.6024 0.1037 0.0, 0.539 0.1025 0.0, 0.5105 0.0994 0.0, 0.4659 0.0768 0.0, 0.4519 0.0614 0.0, 0.4428 0.0444 0.0, 0.4175 -0.0944 0.0, 0.6024 -0.0956 0.0, 0.4375 0.025 0.0, 0.4361 0.0065 0.0, 0.4388 -0.0198 0.0, -0.3445 -0.2547 0.0, -0.373 -0.2766 0.0, -0.5118 -0.187 0.0, -0.3445 -0.4934 0.0, -0.4087 -0.4097 0.0, -0.3949 -0.4429 0.0, -0.5118 -0.5413 0.0, -0.373 -0.4715 0.0, -0.2756 -0.2362 0.0, -0.2953 -0.2388 0.0, -0.2953 -0.187 0.0, -0.3113 -0.2409 0.0, -0.3949 -0.3051 0.0, -0.4087 -0.3384 0.0, -0.4134 -0.374 0.0, -0.2756 -0.5118 0.0, -0.2399 -0.5071 0.0, -0.128 -0.5413 0.0, -0.2067 -0.4934 0.0, -0.1782 -0.4715 0.0, -0.1563 -0.4429 0.0, -0.1563 -0.3051 0.0, -0.1782 -0.2766 0.0, -0.128 -0.187 0.0, -0.2067 -0.2547 0.0, -0.2399 -0.2409 0.0, -0.1425 -0.4097 0.0, -0.1378 -0.374 0.0, -0.1425 -0.3384 0.0, 0.3113 -0.5071 0.0, 0.3445 -0.4934 0.0, 0.4175 -0.5413 0.0, 0.373 -0.4715 0.0, 0.3949 -0.4429 0.0, 0.4087 -0.4097 0.0, 0.2756 -0.5118 0.0, 0.2106 -0.5413 0.0, 0.2399 -0.5071 0.0, 0.4134 -0.374 0.0, 0.4087 -0.3384 0.0, 0.4175 -0.187 0.0, 0.3949 -0.3051 0.0, 0.373 -0.2766 0.0, 0.3445 -0.2547 0.0, 0.3113 -0.2409 0.0, 0.2106 -0.187 0.0, 0.2756 -0.2362 0.0, 0.2399 -0.2409 0.0, 0.1782 -0.4715 0.0, 0.2067 -0.4934 0.0, 0.2106 -0.495 0.0, 0.1425 -0.4097 0.0, 0.1563 -0.4429 0.0, 0.2106 -0.2531 0.0, 0.2067 -0.2547 0.0, 0.1782 -0.2766 0.0, 0.1563 -0.3051 0.0, 0.1425 -0.3384 0.0, 0.1378 -0.374 0.0, -0.2756 0.2362 0.0, -0.2399 0.2409 0.0, -0.128 0.187 0.0, -0.1563 0.4429 0.0, -0.1782 0.4715 0.0, -0.128 0.561 0.0, -0.2067 0.4934 0.0, -0.2399 0.5071 0.0, -0.2953 0.561 0.0, -0.2756 0.5118 0.0, -0.2067 0.2547 0.0, -0.1782 0.2766 0.0, -0.1563 0.3051 0.0, -0.1425 0.3384 0.0, -0.1378 0.374 0.0, -0.1425 0.4097 0.0, -0.3949 0.3051 0.0, -0.373 0.2766 0.0, -0.5118 0.187 0.0, -0.3445 0.2547 0.0, -0.5118 0.561 0.0, -0.373 0.4715 0.0, -0.3949 0.4429 0.0, -0.2953 0.5092 0.0, -0.3113 0.5071 0.0, -0.3445 0.4934 0.0, -0.4087 0.4097 0.0, -0.4134 0.374 0.0, -0.4087 0.3384 0.0, -0.3113 0.2409 0.0, -0.2953 0.187 0.0, -0.2953 0.2388 0.0, 0.1782 0.2766 0.0, 0.1563 0.4429 0.0, 0.1425 0.4097 0.0, 0.1378 0.374 0.0, 0.1425 0.3384 0.0, 0.1563 0.3051 0.0, 0.2399 0.5071 0.0, 0.2106 0.495 0.0, 0.2106 0.561 0.0, 0.2067 0.4934 0.0, 0.1782 0.4715 0.0, 0.2399 0.2409 0.0, 0.2756 0.2362 0.0, 0.4175 0.187 0.0, 0.3113 0.2409 0.0, 0.3445 0.2547 0.0, 0.373 0.2766 0.0, 0.3949 0.3051 0.0, 0.4087 0.3384 0.0, 0.4134 0.374 0.0, 0.4087 0.4097 0.0, 0.4175 0.561 0.0, 0.3949 0.4429 0.0, 0.373 0.4715 0.0, 0.3445 0.4934 0.0, 0.3113 0.5071 0.0, 0.2756 0.5118 0.0, 0.6024 -0.9055 0.0, 0.6102 -0.748 0.0, 0.6149 -0.7837 0.0, 0.6149 -0.7124 0.0, 0.6024 -0.5413 0.0, 0.6216 -0.6963 0.0, 0.6216 -0.5413 0.0, 0.6287 -0.6791 0.0, 0.6506 -0.8455 0.0, 0.6791 -0.8674 0.0, 0.6216 -0.9055 0.0, 0.6287 -0.8169 0.0, 0.6216 -0.7998 0.0, 0.7837 -0.8811 0.0, 0.9046 -0.9055 0.0, 0.748 -0.8858 0.0, 0.7124 -0.8811 0.0, 0.8169 -0.8674 0.0, 0.8455 -0.8455 0.0, 0.8674 -0.8169 0.0, 0.7124 -0.6149 0.0, 0.6791 -0.6287 0.0, 0.6506 -0.6506 0.0, 0.8811 -0.7837 0.0, 0.8858 -0.748 0.0, 0.9046 -0.5413 0.0, 0.8811 -0.7124 0.0, 0.8674 -0.6791 0.0, 0.8455 -0.6506 0.0, 0.8169 -0.6287 0.0, 0.7837 -0.6149 0.0, 0.748 -0.6102 0.0, -0.6506 0.8455 0.0, -0.6791 0.8674 0.0, -0.9843 1.3776 0.0, -0.7124 0.8811 0.0, -0.7124 0.6149 0.0, -0.6999 0.6201 0.0, -0.5118 0.6201 0.0, -0.6791 0.6287 0.0, -0.6506 0.6506 0.0, -0.6287 0.6791 0.0, -0.6149 0.7124 0.0, -0.6102 0.748 0.0, -0.6287 0.8169 0.0, -0.5118 1.3776 0.0, -0.6149 0.7837 0.0, -0.748 0.8858 0.0, -0.7837 0.8811 0.0, -0.8169 0.8674 0.0, -0.8455 0.6506 0.0, -1.1319 0.6201 0.0, -0.8674 0.6791 0.0, -0.8811 0.7124 0.0, -0.9843 1.378 0.0, -0.8455 0.8455 0.0, -0.8674 0.8169 0.0, -0.8811 0.7837 0.0, -0.8858 0.748 0.0, -0.8169 0.6287 0.0, -0.7961 0.6201 0.0, -1.1319 0.561 0.0, -0.7837 0.6149 0.0, -0.748 0.6102 0.0, 0.8169 0.6287 0.0, 0.8455 0.6506 0.0, 0.9046 0.6201 0.0, 0.8674 0.6791 0.0, 0.8811 0.7124 0.0, 0.8858 0.748 0.0, 0.8811 0.7837 0.0, 0.9046 1.3776 0.0, 0.8674 0.8169 0.0, 0.8455 0.8455 0.0, 0.6506 0.8455 0.0, 0.6216 1.3776 0.0, 0.6791 0.8674 0.0, 0.7124 0.8811 0.0, 0.8169 0.8674 0.0, 0.7837 0.8811 0.0, 0.748 0.8858 0.0, 0.6999 0.6201 0.0, 0.7124 0.6149 0.0, 0.6216 0.561 0.0, 0.748 0.6102 0.0, 0.9046 0.561 0.0, 0.7837 0.6149 0.0, 0.7961 0.6201 0.0, 0.6216 0.6963 0.0, 0.6287 0.6791 0.0, 0.6216 0.6201 0.0, 0.6506 0.6506 0.0, 0.6791 0.6287 0.0, 0.6287 0.8169 0.0, 0.6216 0.7998 0.0, 0.6024 1.3776 0.0, 0.6149 0.7837 0.0, 0.6149 0.7124 0.0, 0.6024 0.6201 0.0, 0.6102 0.748 0.0, -0.2953 0.1037 0.0, -0.1331 0.0357 0.0, -0.2953 -0.0956 0.0, -0.1378 0.0 0.0, -0.128 0.0481 0.0, -0.128 0.1037 0.0, -0.1193 0.0689 0.0, -0.0974 0.0974 0.0, 0.0893 0.1037 0.0, 0.0689 0.1193 0.0, 0.0357 0.1331 0.0, 0.0 0.1378 0.0, -0.0357 0.1331 0.0, -0.0689 0.1193 0.0, -0.0893 0.1037 0.0, 0.0974 -0.0974 0.0, 0.0989 -0.0956 0.0, 0.1193 -0.0689 0.0, 0.1331 -0.0357 0.0, 0.1378 0.0 0.0, 0.2106 0.1037 0.0, 0.3473 0.1025 0.0, 0.1331 0.0357 0.0, 0.1193 0.0689 0.0, 0.0974 0.0974 0.0, -0.0689 -0.1193 0.0, -0.0357 -0.1331 0.0, 0.0 -0.1378 0.0, 0.0357 -0.1331 0.0, 0.0689 -0.1193 0.0, -0.1193 -0.0689 0.0, -0.0989 -0.0956 0.0, -0.0974 -0.0974 0.0, 0.0 -0.5709 0.0, -0.0459 -0.5769 0.0, -0.0886 -0.5946 0.0, -0.1253 -0.6228 0.0, 0.0459 -0.9192 0.0, 0.0788 -0.9055 0.0, 0.2106 -0.9055 0.0, 0.0886 -0.9015 0.0, 0.1253 -0.8733 0.0, 0.1534 -0.8366 0.0, 0.1711 -0.7939 0.0, 0.1772 -0.748 0.0, 0.1711 -0.7022 0.0, 0.1534 -0.6594 0.0, 0.0459 -0.5769 0.0, 0.1253 -0.6228 0.0, 0.0886 -0.5946 0.0, -0.0459 -0.9192 0.0, 0.0 -0.9252 0.0, 0.2106 -1.3776 0.0, -0.1253 -0.8733 0.0, -0.0886 -0.9015 0.0, -0.0788 -0.9055 0.0, -0.128 -0.6262 0.0, -0.1534 -0.6594 0.0, -0.1711 -0.7022 0.0, -0.1772 -0.748 0.0, -0.1711 -0.7939 0.0, 1.1417 -0.0956 0.0, 1.1417 -0.1378 0.0, 0.9046 -0.187 0.0, 0.9402 -0.0944 0.0, 1.041 -0.0944 0.0, 1.1417 0.1037 0.0, 1.0146 0.1025 0.0, 0.9046 0.1037 0.0, 0.913 0.0506 0.0, 0.9046 0.064 0.0, 0.9051 -0.062 0.0, 0.9402 -0.0728 0.0, 0.9156 -0.0433 0.0, 1.0146 -0.0728 0.0, 0.9215 -0.0225 0.0, 0.9234 0.0003 0.0, 0.9206 0.0283 0.0, 1.3776 0.187 0.0, 1.3776 0.1378 0.0, 1.1417 0.1378 0.0, 1.1417 0.561 0.0, 1.1417 0.4134 0.0, 0.9046 0.187 0.0, 1.3776 0.4134 0.0, 0.9843 1.378 0.0, 1.378 0.9843 0.0, 0.9843 1.3776 0.0, 1.3776 0.9843 0.0, 1.3776 0.689 0.0, 1.1417 0.689 0.0, 0.2106 0.6201 0.0, 0.2106 1.3776 0.0, 0.4175 0.6201 0.0, 0.4175 1.3776 0.0, -0.0306 0.8621 0.0, -0.0591 0.8503 0.0, -0.128 1.3776 0.0, -0.128 0.6201 0.0, -0.1181 0.748 0.0, -0.1141 0.7175 0.0, -0.0835 0.8315 0.0, -0.1023 0.8071 0.0, -0.1141 0.7786 0.0, 0.0835 0.8315 0.0, 0.0591 0.8503 0.0, 0.0306 0.8621 0.0, 0.0 0.8661 0.0, -0.1023 0.689 0.0, -0.0835 0.6645 0.0, -0.0591 0.6457 0.0, -0.0306 0.6339 0.0, 0.0 0.6299 0.0, 0.0306 0.6339 0.0, 0.0591 0.6457 0.0, 0.0835 0.6645 0.0, 0.1023 0.689 0.0, 0.1141 0.7175 0.0, 0.1181 0.748 0.0, 0.1141 0.7786 0.0, 0.1023 0.8071 0.0, -0.2953 0.6201 0.0, -0.2953 1.3776 0.0, -1.1417 0.6201 0.0, -1.1417 0.689 0.0, -1.3776 0.689 0.0, -1.3776 0.4134 0.0, -1.1319 0.187 0.0, -1.1417 0.4134 0.0, -1.1417 0.561 0.0, -1.1319 0.1037 0.0, -1.1417 0.1037 0.0, -1.1319 -0.0956 0.0, -1.1417 -0.0956 0.0, -1.1417 -0.1378 0.0, -1.1319 -0.187 0.0, -1.3776 -0.1378 0.0, -1.1417 -0.4134 0.0, -1.1319 -0.5413 0.0, -1.3776 -0.187 0.0, -1.3776 -0.4134 0.0, -1.1319 -0.9055 0.0, -1.1417 -0.689 0.0, -1.1417 -0.5413 0.0, -1.3776 -0.9843 0.0, -1.3776 -0.9055 0.0, -1.3776 -0.689 0.0, -1.1319 -1.2303 0.0, -1.378 -0.9843 0.0, -0.9843 -1.3776 0.0, -0.9843 -1.378 0.0, 1.378 -0.9843 0.0, 0.9843 -1.378 0.0, 1.3776 -0.9843 0.0, 0.9843 -1.3776 0.0, 0.9046 -1.3776 0.0, 1.3776 -0.9055 0.0, 0.6216 -1.3776 0.0, 0.6024 -1.3776 0.0, 0.4175 -0.9055 0.0, 0.4175 -1.3776 0.0, 1.3776 -0.689 0.0, 1.1417 -0.689 0.0, 1.1417 -0.5413 0.0, 1.1417 -0.4134 0.0, 1.3776 -0.4134 0.0, 1.3776 -0.187 0.0, 1.3776 -0.1378 0.0, 0.6329 -0.0728 0.0, 0.6329 -0.0944 0.0, 0.6216 -0.0956 0.0, 0.7386 -0.0944 0.0, 0.6216 0.1037 0.0, 0.6377 0.1025 0.0, 0.6377 0.0809 0.0, 0.7121 0.0809 0.0, 0.7121 0.016 0.0, 0.777 -0.0842 0.0, 0.777 -0.0626 0.0, 0.7386 0.1025 0.0, 0.7979 -0.0928 0.0, 0.8178 -0.0956 0.0, 0.7997 0.1032 0.0, 0.777 0.0971 0.0, 0.777 0.0707 0.0, 0.7991 0.0801 0.0, 0.7805 -0.0645 0.0, 0.8231 0.0833 0.0, 0.8424 0.0811 0.0, 0.8059 0.1037 0.0, 0.7121 -0.0056 0.0, 0.7121 -0.0728 0.0, 0.6425 -0.0056 0.0, 0.6425 0.016 0.0, 0.8572 0.0758 0.0, 0.8708 0.0666 0.0, 0.8827 0.0535 0.0, 0.897 0.0019 0.0, 0.895 -0.0194 0.0, 0.8897 -0.0363 0.0, 0.8459 -0.0731 0.0, 0.8275 -0.0752 0.0, 0.8602 -0.0678 0.0, 0.8723 -0.0597 0.0, 0.8815 -0.05 0.0, 0.8014 -0.0723 0.0, 0.8908 0.0383 0.0, 0.8961 0.0173 0.0, 0.9015 0.069 0.0, 0.8837 0.0861 0.0, 0.865 0.0969 0.0, 0.8431 0.1032 0.0, 0.838 0.1037 0.0, 0.8427 -0.0956 0.0, 0.8554 -0.0943 0.0, 0.8745 -0.0877 0.0, 0.8257 -0.0967 0.0, 0.8311 -0.0968 0.0, 1.041 0.1025 0.0, -0.5118 -0.9055 0.0, -0.5118 -1.3776 0.0, -0.8811 -0.7837 0.0, -0.8674 -0.8169 0.0, -0.748 -0.8858 0.0, -0.7124 -0.8811 0.0, -0.7837 -0.6149 0.0, -0.8169 -0.6287 0.0, -0.8455 -0.6506 0.0, -0.8674 -0.6791 0.0, -0.8811 -0.7124 0.0, -0.8858 -0.748 0.0, -0.8455 -0.8455 0.0, -0.8169 -0.8674 0.0, -0.7837 -0.8811 0.0, -0.6287 -0.6791 0.0, -0.6506 -0.6506 0.0, -0.6791 -0.6287 0.0, -0.7124 -0.6149 0.0, -0.748 -0.6102 0.0, -0.6791 -0.8674 0.0, -0.6506 -0.8455 0.0, -0.6287 -0.8169 0.0, -0.6149 -0.7837 0.0, -0.6102 -0.748 0.0, -0.6149 -0.7124 0.0, 0.6024 -0.187 0.0, 0.6216 -0.187 0.0, 0.6024 0.187 0.0, 0.6216 0.187 0.0, 0.8233 0.1049 0.0, -0.5118 0.1037 0.0, -0.5118 -0.0956 0.0, 0.6024 0.561 0.0, 1.1417 0.6201 0.0, 0.9843 1.378 0.6299, 0.9843 1.3776 0.6299, 1.378 0.9843 0.6299, 1.3776 0.9843 0.6299, 1.3776 -0.689 0.0748, 1.3776 -0.1378 0.0748, 1.3776 0.1378 0.0748, 1.3776 -0.9843 0.6299, 1.3776 -0.4134 0.0748, 1.3776 0.4134 0.0748, 1.3776 0.689 0.0748, 1.378 -0.9843 0.6299, 0.9843 -1.378 0.6299, 0.9843 -1.3776 0.6299, -0.9843 -1.3776 0.6299, -0.9843 -1.378 0.6299, -1.378 -0.9843 0.6299, -1.3776 -0.9843 0.6299, -1.3776 0.1378 0.0748, -1.3776 -0.1378 0.0748, -1.3776 -0.4134 0.0748, -1.3776 -0.689 0.0748, -1.3776 0.9843 0.6299, -1.3776 0.689 0.0748, -1.3776 0.4134 0.0748, -1.378 0.9843 0.6299, -0.9843 1.378 0.6299, -0.9843 1.3776 0.6299, 0.5666 -0.1664 0.6299, 0.5249 -0.2706 0.6299, 0.4642 -0.3651 0.6299, 0.3867 -0.4463 0.6299, 0.2953 -0.5114 0.6299, 0.1932 -0.5581 0.6299, 0.084 -0.5845 0.6299, -0.0281 -0.5899 0.6299, -0.1392 -0.5739 0.6299, -0.4968 -0.3193 0.6299, -0.5482 -0.2195 0.6299, -0.2453 -0.5372 0.6299, -0.3426 -0.481 0.6299, -0.4274 -0.4075 0.6299, -0.5799 -0.1118 0.6299, -0.5906 0.0 0.6299, -0.5799 0.1118 0.6299, -0.5482 0.2195 0.6299, -0.4968 0.3193 0.6299, -0.4274 0.4075 0.6299, -0.3426 0.481 0.6299, -0.2453 0.5372 0.6299, 0.1932 0.5581 0.6299, 0.2953 0.5114 0.6299, 0.5249 0.2706 0.6299, 0.5666 0.1664 0.6299, 0.3867 0.4463 0.6299, 0.4642 0.3651 0.6299, 0.5879 0.0561 0.6299, 0.5906 0.0 0.6299, 0.5879 -0.0561 0.6299, -0.1392 0.5739 0.6299, -0.0281 0.5899 0.6299, 0.084 0.5845 0.6299
            ]
        }
        coordIndex [
            0,1,2,-1,3,4,5,-1,6,7,8,-1,9,10,11,-1,12,13,14,-1,15,16,17,-1,18,19,20,-1,21,22,23,-1,24,25,26,-1,26,25,27,-1,28,29,27,-1,27,29,30,-1,27,30,26,-1,26,30,31,-1,32,33,34,-1,34,33,35,-1,34,35,36,-1,37,38,39,-1,36,40,34,-1,34,40,41,-1,34,41,42,-1,43,44,45,-1,45,44,46,-1,45,46,37,-1,37,46,47,-1,37,47,38,-1,39,48,37,-1,37,48,49,-1,37,49,50,-1,30,51,31,-1,31,51,34,-1,31,34,52,-1,52,34,42,-1,50,53,37,-1,37,53,54,-1,37,54,32,-1,32,54,55,-1,32,55,33,-1,56,57,58,-1,21,23,59,-1,60,61,62,-1,62,61,63,-1,62,63,59,-1,64,65,66,-1,66,65,67,-1,57,68,58,-1,58,68,69,-1,58,69,62,-1,62,69,70,-1,62,70,60,-1,71,72,73,-1,72,74,73,-1,73,74,75,-1,73,75,76,-1,77,78,79,-1,79,78,80,-1,79,80,81,-1,76,82,73,-1,73,82,83,-1,73,83,79,-1,79,83,84,-1,79,84,77,-1,85,86,87,-1,86,88,87,-1,87,88,89,-1,87,89,90,-1,85,87,91,-1,91,87,92,-1,91,92,93,-1,94,95,96,-1,96,95,97,-1,96,97,98,-1,98,99,96,-1,96,99,100,-1,96,100,101,-1,101,100,102,-1,101,102,103,-1,104,105,92,-1,92,105,106,-1,92,106,93,-1,73,107,108,-1,103,109,101,-1,101,109,110,-1,101,110,79,-1,79,110,111,-1,111,112,79,-1,79,112,113,-1,79,113,73,-1,73,113,114,-1,73,114,107,-1,115,116,117,-1,118,119,120,-1,119,121,120,-1,120,121,122,-1,120,122,123,-1,123,122,124,-1,116,125,117,-1,117,125,126,-1,117,126,127,-1,127,128,117,-1,117,128,129,-1,117,129,120,-1,120,129,130,-1,120,130,118,-1,131,132,133,-1,133,132,134,-1,135,136,137,-1,124,138,123,-1,123,138,139,-1,123,139,135,-1,135,139,140,-1,135,140,136,-1,137,141,135,-1,135,141,142,-1,135,142,133,-1,133,142,143,-1,133,143,131,-1,134,144,145,-1,145,144,146,-1,145,146,115,-1,18,20,147,-1,148,149,120,-1,120,149,150,-1,120,150,117,-1,117,150,151,-1,117,151,152,-1,153,154,155,-1,155,154,156,-1,155,156,120,-1,120,156,157,-1,120,157,148,-1,19,158,20,-1,20,158,159,-1,20,159,160,-1,160,159,161,-1,160,161,162,-1,162,163,160,-1,160,163,164,-1,160,164,165,-1,166,167,168,-1,168,167,169,-1,168,169,170,-1,170,171,168,-1,168,171,172,-1,168,172,155,-1,155,172,173,-1,155,173,153,-1,174,175,176,-1,177,178,179,-1,179,178,180,-1,179,180,181,-1,182,183,184,-1,182,184,185,-1,174,176,184,-1,184,176,186,-1,184,186,185,-1,187,188,189,-1,189,188,184,-1,189,184,190,-1,190,184,183,-1,187,191,188,-1,188,191,192,-1,188,192,193,-1,194,195,180,-1,180,195,196,-1,180,196,181,-1,193,197,188,-1,188,197,198,-1,188,198,199,-1,198,200,199,-1,199,200,201,-1,199,201,202,-1,202,203,199,-1,199,203,204,-1,199,204,180,-1,180,204,205,-1,180,205,194,-1,206,207,208,-1,208,207,209,-1,210,211,212,-1,212,211,213,-1,212,213,214,-1,214,215,212,-1,212,215,216,-1,212,216,217,-1,206,208,218,-1,218,208,219,-1,218,219,220,-1,209,221,208,-1,208,221,222,-1,208,222,223,-1,224,225,226,-1,226,225,227,-1,11,228,208,-1,223,229,208,-1,208,229,230,-1,208,230,11,-1,11,230,231,-1,11,231,225,-1,225,231,232,-1,225,232,227,-1,224,233,225,-1,225,233,234,-1,225,234,235,-1,235,234,236,-1,235,236,237,-1,238,239,240,-1,240,239,241,-1,240,241,242,-1,243,244,245,-1,245,244,246,-1,245,246,247,-1,248,249,250,-1,250,249,251,-1,247,252,245,-1,245,252,253,-1,245,253,249,-1,249,253,254,-1,249,254,251,-1,255,256,257,-1,257,256,258,-1,257,258,259,-1,259,258,260,-1,259,260,240,-1,240,260,261,-1,240,261,238,-1,262,263,264,-1,264,263,265,-1,264,265,266,-1,248,267,249,-1,249,267,268,-1,249,268,269,-1,269,268,270,-1,262,264,271,-1,271,264,272,-1,271,272,273,-1,274,275,276,-1,276,275,277,-1,276,277,15,-1,278,279,280,-1,280,279,281,-1,282,283,20,-1,20,283,284,-1,152,147,117,-1,117,147,20,-1,117,20,285,-1,285,20,284,-1,285,286,117,-1,117,286,287,-1,117,287,279,-1,279,287,288,-1,279,288,281,-1,289,290,26,-1,26,290,291,-1,26,291,292,-1,292,293,26,-1,26,293,294,-1,26,294,24,-1,24,294,37,-1,24,37,295,-1,295,37,32,-1,293,296,294,-1,294,296,297,-1,294,297,298,-1,299,300,79,-1,79,300,301,-1,79,301,101,-1,101,301,302,-1,101,302,303,-1,16,304,17,-1,17,304,305,-1,17,305,79,-1,79,305,306,-1,79,306,299,-1,307,308,73,-1,73,308,309,-1,73,309,310,-1,311,312,313,-1,313,312,314,-1,314,315,313,-1,313,315,316,-1,313,316,317,-1,318,319,92,-1,92,319,320,-1,108,104,73,-1,73,104,92,-1,73,92,307,-1,307,92,321,-1,320,322,92,-1,92,322,323,-1,92,323,321,-1,324,325,3,-1,3,325,326,-1,13,327,14,-1,14,327,328,-1,14,328,329,-1,310,330,73,-1,73,330,23,-1,73,23,71,-1,71,23,22,-1,330,331,23,-1,23,331,332,-1,23,332,5,-1,5,332,333,-1,5,333,334,-1,335,336,337,-1,2,338,339,-1,340,341,342,-1,342,341,343,-1,342,343,344,-1,2,1,338,-1,338,1,345,-1,338,345,346,-1,346,345,347,-1,346,347,348,-1,347,349,348,-1,348,349,350,-1,348,350,341,-1,341,350,351,-1,341,351,343,-1,352,353,354,-1,355,356,357,-1,340,342,354,-1,354,342,357,-1,354,357,352,-1,352,357,356,-1,352,356,358,-1,359,360,361,-1,361,360,362,-1,362,363,361,-1,361,363,364,-1,361,364,245,-1,245,364,240,-1,245,240,243,-1,243,240,242,-1,365,366,367,-1,367,366,368,-1,367,368,272,-1,272,368,269,-1,272,269,273,-1,273,269,270,-1,369,370,371,-1,372,373,374,-1,370,375,371,-1,371,375,376,-1,371,376,377,-1,378,379,366,-1,366,379,380,-1,366,380,371,-1,371,380,381,-1,371,381,369,-1,374,382,372,-1,372,382,383,-1,372,383,384,-1,384,385,372,-1,372,385,386,-1,372,386,365,-1,365,386,387,-1,365,387,388,-1,388,389,365,-1,365,389,390,-1,365,390,391,-1,391,392,365,-1,365,392,393,-1,365,393,366,-1,366,393,394,-1,366,394,378,-1,217,220,212,-1,212,220,219,-1,212,219,395,-1,395,219,396,-1,395,396,372,-1,372,396,371,-1,372,371,373,-1,373,371,377,-1,235,397,225,-1,225,397,398,-1,225,398,11,-1,11,398,399,-1,11,399,9,-1,8,400,401,-1,401,400,402,-1,401,402,235,-1,235,402,403,-1,235,403,397,-1,8,401,6,-1,6,401,404,-1,6,404,405,-1,405,404,406,-1,405,406,407,-1,407,406,408,-1,408,406,409,-1,408,409,410,-1,411,409,412,-1,410,409,413,-1,413,409,411,-1,413,411,414,-1,415,416,412,-1,412,416,417,-1,412,417,411,-1,418,419,415,-1,415,419,420,-1,415,420,416,-1,421,422,418,-1,418,415,421,-1,421,415,423,-1,421,423,424,-1,334,12,5,-1,5,12,14,-1,5,14,3,-1,3,14,329,-1,3,329,324,-1,425,426,427,-1,427,426,428,-1,427,428,429,-1,430,427,188,-1,188,427,429,-1,188,429,184,-1,184,429,431,-1,184,431,174,-1,174,431,432,-1,174,432,433,-1,433,432,434,-1,433,434,313,-1,313,434,326,-1,313,326,311,-1,311,326,325,-1,435,430,436,-1,436,430,188,-1,436,188,437,-1,437,188,199,-1,437,199,438,-1,439,337,440,-1,440,337,336,-1,440,336,441,-1,442,443,444,-1,444,443,445,-1,446,447,448,-1,448,449,450,-1,451,445,452,-1,452,445,453,-1,451,454,445,-1,445,454,455,-1,445,455,444,-1,456,457,453,-1,453,457,458,-1,453,458,452,-1,452,458,459,-1,452,459,460,-1,460,459,461,-1,460,461,462,-1,447,446,453,-1,453,446,463,-1,453,463,456,-1,464,465,466,-1,466,465,442,-1,466,442,467,-1,462,468,460,-1,460,468,469,-1,460,469,470,-1,471,472,460,-1,460,472,473,-1,474,475,476,-1,476,475,477,-1,473,478,460,-1,460,478,477,-1,460,477,479,-1,479,477,475,-1,470,480,460,-1,460,480,481,-1,460,481,471,-1,344,482,342,-1,342,482,483,-1,342,483,484,-1,484,485,342,-1,342,485,486,-1,342,486,357,-1,487,488,2,-1,2,488,489,-1,2,489,0,-1,337,490,491,-1,491,487,337,-1,337,487,2,-1,337,2,335,-1,335,2,339,-1,335,339,340,-1,340,339,492,-1,340,492,341,-1,317,318,313,-1,313,318,92,-1,313,92,433,-1,433,92,87,-1,433,87,174,-1,174,87,178,-1,174,178,175,-1,175,178,177,-1,59,23,62,-1,62,23,5,-1,62,5,493,-1,493,5,4,-1,493,4,494,-1,415,495,496,-1,493,497,498,-1,499,500,412,-1,412,500,501,-1,501,502,412,-1,412,502,503,-1,412,503,415,-1,415,503,504,-1,415,504,495,-1,496,505,415,-1,415,505,506,-1,415,506,507,-1,62,508,509,-1,494,423,493,-1,493,423,415,-1,493,415,497,-1,497,415,507,-1,509,510,62,-1,62,510,511,-1,62,511,512,-1,498,513,493,-1,493,513,514,-1,493,514,515,-1,515,516,493,-1,493,516,517,-1,493,517,62,-1,62,517,518,-1,62,518,508,-1,90,94,87,-1,87,94,96,-1,87,96,178,-1,178,96,519,-1,178,519,180,-1,180,519,520,-1,180,520,199,-1,199,520,337,-1,199,337,438,-1,438,337,439,-1,303,289,101,-1,101,289,26,-1,101,26,96,-1,96,26,31,-1,96,31,519,-1,519,31,52,-1,519,52,520,-1,520,52,444,-1,520,444,337,-1,337,444,455,-1,337,455,490,-1,15,17,276,-1,276,17,79,-1,276,79,66,-1,66,79,81,-1,66,81,64,-1,42,43,52,-1,52,43,45,-1,52,45,444,-1,444,45,446,-1,444,446,442,-1,442,446,448,-1,442,448,467,-1,467,448,450,-1,298,282,294,-1,294,282,20,-1,294,20,37,-1,37,20,160,-1,37,160,45,-1,45,160,521,-1,45,521,446,-1,446,521,522,-1,446,522,463,-1,463,522,357,-1,463,357,523,-1,523,357,486,-1,115,117,145,-1,145,117,279,-1,145,279,274,-1,274,279,278,-1,274,278,275,-1,134,145,133,-1,133,145,274,-1,133,274,524,-1,524,274,276,-1,524,276,525,-1,525,276,66,-1,525,66,58,-1,58,66,67,-1,58,67,56,-1,165,166,160,-1,160,166,168,-1,160,168,521,-1,521,168,526,-1,521,526,522,-1,522,526,257,-1,522,257,357,-1,357,257,259,-1,357,259,355,-1,355,259,240,-1,355,240,527,-1,527,240,364,-1,237,135,235,-1,235,135,133,-1,235,133,401,-1,401,133,524,-1,401,524,404,-1,404,524,525,-1,404,525,406,-1,406,525,58,-1,406,58,409,-1,409,58,62,-1,409,62,412,-1,412,62,512,-1,412,512,499,-1,237,210,135,-1,135,210,212,-1,135,212,123,-1,123,212,395,-1,123,395,120,-1,120,395,372,-1,120,372,155,-1,155,372,365,-1,155,365,168,-1,168,365,367,-1,168,367,526,-1,526,367,272,-1,526,272,257,-1,257,272,264,-1,257,264,255,-1,255,264,266,-1,359,361,528,-1,528,361,529,-1,360,359,530,-1,530,359,528,-1,362,360,531,-1,531,360,530,-1,430,435,532,-1,440,441,533,-1,533,534,531,-1,427,430,535,-1,535,430,532,-1,535,532,531,-1,531,532,536,-1,531,536,533,-1,533,536,439,-1,533,439,440,-1,352,358,537,-1,363,362,538,-1,538,362,531,-1,538,531,537,-1,537,531,534,-1,537,534,352,-1,352,534,353,-1,425,427,539,-1,539,427,535,-1,426,425,540,-1,540,425,539,-1,428,426,541,-1,541,426,540,-1,542,423,494,-1,494,4,542,-1,542,4,3,-1,542,3,541,-1,3,326,541,-1,541,326,434,-1,541,434,432,-1,432,431,541,-1,541,431,429,-1,541,429,428,-1,424,423,543,-1,543,423,542,-1,424,543,421,-1,421,543,544,-1,421,544,422,-1,418,422,545,-1,545,422,544,-1,546,547,545,-1,413,414,548,-1,8,7,546,-1,549,545,548,-1,548,545,547,-1,548,547,413,-1,413,547,410,-1,549,420,545,-1,545,420,419,-1,545,419,418,-1,9,399,550,-1,550,399,551,-1,550,551,545,-1,545,551,552,-1,545,552,546,-1,546,552,400,-1,546,400,8,-1,10,9,553,-1,553,9,550,-1,10,553,11,-1,11,553,554,-1,11,554,228,-1,208,228,555,-1,555,228,554,-1,361,245,529,-1,529,245,249,-1,529,249,269,-1,269,368,529,-1,529,368,366,-1,529,366,555,-1,555,366,371,-1,371,396,555,-1,555,396,219,-1,555,219,208,-1,544,543,545,-1,545,543,542,-1,540,539,541,-1,541,539,535,-1,554,553,555,-1,555,553,550,-1,530,528,531,-1,531,528,529,-1,531,529,535,-1,556,557,535,-1,535,557,558,-1,535,558,541,-1,541,558,559,-1,541,559,560,-1,560,561,541,-1,541,561,562,-1,541,562,542,-1,542,562,563,-1,542,563,564,-1,545,565,566,-1,564,567,542,-1,542,567,568,-1,542,568,545,-1,545,568,569,-1,545,569,565,-1,566,570,545,-1,545,570,571,-1,545,571,550,-1,550,571,572,-1,550,572,573,-1,573,574,550,-1,550,574,575,-1,550,575,555,-1,555,575,576,-1,555,576,577,-1,529,578,579,-1,529,580,581,-1,579,582,529,-1,529,582,583,-1,529,583,580,-1,581,584,529,-1,529,584,585,-1,529,585,535,-1,535,585,586,-1,535,586,556,-1,577,587,555,-1,555,587,588,-1,555,588,529,-1,529,588,589,-1,529,589,578,-1,
        ]
    }
}
Shape{
    appearance Appearance {
        material  Material 	{
            diffuseColor 0.5019607843137255 0.25098039215686274 0.25098039215686274
            specularColor 0.44313725490196076 0.2196078431372549 0.2196078431372549
            ambientIntensity 0.326
            transparency 0.0
            shininess 0.5
        }
    }
    geometry IndexedFaceSet {
        ccw TRUE
        solid FALSE
        coord DEF co Coordinate {
            point [
                1.3776 0.1378 0.0748, 1.1417 0.1378 0.0748, 1.3776 0.1378 0.0, 1.1417 0.1378 0.0, 1.1417 0.1037 0.0, 1.1417 -0.1378 0.0748, 1.1417 -0.0956 0.0, 1.1417 -0.1378 0.0, 1.3776 -0.1378 0.0748, 1.3776 -0.1378 0.0, -1.1417 0.689 0.0748, -1.3776 0.689 0.0748, -1.1417 0.689 0.0, -1.3776 0.689 0.0, -1.3776 0.4134 0.0748, -1.1417 0.4134 0.0748, -1.3776 0.4134 0.0, -1.1417 0.4134 0.0, -1.1417 0.561 0.0, -1.1417 0.6201 0.0, -1.1417 -0.689 0.0, -1.1417 -0.689 0.0748, -1.1417 -0.5413 0.0, -1.1417 -0.4134 0.0748, -1.1417 -0.4134 0.0, -1.3776 -0.4134 0.0748, -1.3776 -0.4134 0.0, -1.3776 -0.689 0.0748, -1.3776 -0.689 0.0, -1.3776 -0.1378 0.0748, -1.1417 -0.1378 0.0748, -1.3776 -0.1378 0.0, -1.1417 -0.1378 0.0, -1.1417 -0.0956 0.0, -1.1417 0.1378 0.0748, -1.1417 0.1037 0.0, -1.1417 0.1378 0.0, -1.3776 0.1378 0.0748, -1.3776 0.1378 0.0
            ]
        }
        coordIndex [
            0,1,2,-1,2,1,3,-1,3,1,4,-1,4,1,5,-1,4,5,6,-1,6,5,7,-1,5,8,7,-1,7,8,9,-1,5,1,8,-1,8,1,0,-1,10,11,12,-1,12,11,13,-1,14,15,16,-1,16,15,17,-1,17,15,18,-1,18,15,10,-1,18,10,19,-1,19,10,12,-1,15,14,10,-1,10,14,11,-1,20,21,22,-1,22,21,23,-1,22,23,24,-1,23,25,24,-1,24,25,26,-1,27,21,28,-1,28,21,20,-1,27,25,21,-1,21,25,23,-1,29,30,31,-1,31,30,32,-1,32,30,33,-1,33,30,34,-1,33,34,35,-1,35,34,36,-1,34,37,36,-1,36,37,38,-1,
        ]
    }
}
Shape{
    appearance Appearance {
        material  Material 	{
            diffuseColor 0.7529411764705882 0.7529411764705882 0.7529411764705882
            specularColor 0.3764705882352941 0.3764705882352941 0.3764705882352941
            ambientIntensity 0.7529
            transparency 0.0
            shininess 0.5
        }
    }
    geometry IndexedFaceSet {
        ccw TRUE
        solid FALSE
        coord DEF co Coordinate {
            point [
                -1.3776 0.1378 0.0748, -1.1417 0.1378 0.0748, -1.3776 -0.1378 0.0748, -1.1417 -0.1378 0.0748
            ]
        }
        coordIndex [
            0,1,2,-1,2,1,3,-1,
        ]
    }
}
Shape{
    appearance Appearance {
        material  Material 	{
            diffuseColor 0.5019607843137255 0.25098039215686274 0.25098039215686274
            specularColor 0.44313725490196076 0.2196078431372549 0.2196078431372549
            ambientIntensity 0.326
            transparency 0.0
            shininess 0.5
        }
    }
    geometry IndexedFaceSet {
        ccw TRUE
        solid FALSE
        coord DEF co Coordinate {
            point [
                1.1417 0.689 0.0748, 1.1417 0.4134 0.0748, 1.1417 0.4134 0.0, 1.1417 0.561 0.0, 1.1417 0.6201 0.0, 1.1417 0.689 0.0, 1.3776 0.4134 0.0748, 1.3776 0.4134 0.0, 1.3776 0.689 0.0748, 1.3776 0.689 0.0, 1.3776 -0.4134 0.0748, 1.1417 -0.4134 0.0748, 1.3776 -0.4134 0.0, 1.1417 -0.4134 0.0, 1.1417 -0.689 0.0748, 1.1417 -0.689 0.0, 1.1417 -0.5413 0.0, 1.3776 -0.689 0.0748, 1.3776 -0.689 0.0
            ]
        }
        coordIndex [
            0,1,2,-1,2,3,0,-1,0,3,4,-1,0,4,5,-1,1,6,2,-1,2,6,7,-1,8,0,9,-1,9,0,5,-1,8,6,0,-1,0,6,1,-1,10,11,12,-1,12,11,13,-1,14,15,11,-1,11,15,16,-1,11,16,13,-1,14,17,15,-1,15,17,18,-1,17,14,10,-1,10,14,11,-1,
        ]
    }
}
Shape{
    appearance Appearance {
        material  Material 	{
            diffuseColor 0.25098039215686274 0.25098039215686274 0.25098039215686274
            specularColor 0.12549019607843137 0.12549019607843137 0.12549019607843137
            ambientIntensity 0.251
            transparency 0.0
            shininess 0.5
        }
    }
    geometry IndexedFaceSet {
        ccw TRUE
        solid FALSE
        coord DEF co Coordinate {
            point [
                0.0459 -0.9192 -0.1968, 0.0 -0.9252 0.0, 0.0 -0.9252 -0.1968, -0.0459 -0.9192 0.0, -0.0459 -0.9192 -0.1968, -0.0788 -0.9055 0.0, -0.0886 -0.9015 -0.1968, -0.0886 -0.9015 0.0, -0.1253 -0.8733 0.0, -0.1253 -0.8733 -0.1968, -0.128 -0.8698 0.0, -0.1534 -0.8366 -0.1968, -0.1534 -0.8366 0.0, -0.1711 -0.7939 0.0, -0.1711 -0.7939 -0.1968, -0.1772 -0.748 0.0, -0.1772 -0.748 -0.1968, -0.1711 -0.7022 0.0, -0.1711 -0.7022 -0.1968, -0.1534 -0.6594 0.0, -0.1534 -0.6594 -0.1968, -0.128 -0.6262 0.0, -0.1253 -0.6228 -0.1968, -0.1253 -0.6228 0.0, -0.0886 -0.5946 0.0, -0.0886 -0.5946 -0.1968, -0.0459 -0.5769 0.0, -0.0459 -0.5769 -0.1968, 0.0 -0.5709 0.0, 0.0 -0.5709 -0.1968, 0.0459 -0.5769 0.0, 0.0459 -0.5769 -0.1968, 0.0886 -0.5946 0.0, 0.0886 -0.5946 -0.1968, 0.1253 -0.6228 0.0, 0.1253 -0.6228 -0.1968, 0.1534 -0.6594 0.0, 0.1534 -0.6594 -0.1968, 0.1711 -0.7022 0.0, 0.1711 -0.7022 -0.1968, 0.1772 -0.748 0.0, 0.1772 -0.748 -0.1968, 0.1711 -0.7939 0.0, 0.1711 -0.7939 -0.1968, 0.1534 -0.8366 0.0, 0.1534 -0.8366 -0.1968, 0.1253 -0.8733 0.0, 0.1253 -0.8733 -0.1968, 0.0886 -0.9015 0.0, 0.0886 -0.9015 -0.1968, 0.0788 -0.9055 0.0, 0.0459 -0.9192 0.0, -0.1193 -0.8169 -0.2362, -0.1331 -0.7837 -0.2362, 0.0 -0.748 -0.2362, -0.1378 -0.748 -0.2362, -0.1331 -0.7124 -0.2362, -0.0357 -0.8811 -0.2362, -0.0689 -0.8674 -0.2362, -0.0974 -0.8455 -0.2362, 0.0689 -0.8674 -0.2362, 0.0357 -0.8811 -0.2362, 0.0 -0.8858 -0.2362, 0.1331 -0.7837 -0.2362, 0.1193 -0.8169 -0.2362, 0.0974 -0.8455 -0.2362, 0.1193 -0.6791 -0.2362, 0.1331 -0.7124 -0.2362, 0.1378 -0.748 -0.2362, 0.0357 -0.6149 -0.2362, 0.0689 -0.6287 -0.2362, 0.0974 -0.6506 -0.2362, -0.0689 -0.6287 -0.2362, -0.0357 -0.6149 -0.2362, 0.0 -0.6102 -0.2362, -0.1193 -0.6791 -0.2362, -0.0974 -0.6506 -0.2362, 0.1181 0.748 0.0, 0.1141 0.7786 -0.1968, 0.1141 0.7786 0.0, 0.1023 0.8071 -0.1968, 0.1023 0.8071 0.0, 0.0835 0.8315 -0.1968, 0.0835 0.8315 0.0, 0.0591 0.8503 -0.1968, 0.0591 0.8503 0.0, 0.0306 0.8621 -0.1968, 0.0306 0.8621 0.0, 0.0 0.8661 -0.1968, 0.0 0.8661 0.0, -0.0306 0.8621 -0.1968, -0.0306 0.8621 0.0, -0.0591 0.8503 -0.1968, -0.0591 0.8503 0.0, -0.0835 0.8315 -0.1968, -0.0835 0.8315 0.0, -0.1023 0.8071 -0.1968, -0.1023 0.8071 0.0, -0.1141 0.7786 -0.1968, -0.1141 0.7786 0.0, -0.1181 0.748 -0.1968, -0.1181 0.748 0.0, -0.1141 0.7175 -0.1968, -0.1141 0.7175 0.0, -0.1023 0.689 -0.1968, -0.1023 0.689 0.0, -0.0835 0.6645 -0.1968, -0.0835 0.6645 0.0, -0.0591 0.6457 -0.1968, -0.0591 0.6457 0.0, -0.0306 0.6339 -0.1968, -0.0306 0.6339 0.0, 0.0 0.6299 -0.1968, 0.0 0.6299 0.0, 0.0306 0.6339 -0.1968, 0.0306 0.6339 0.0, 0.0591 0.6457 -0.1968, 0.0591 0.6457 0.0, 0.0835 0.6645 -0.1968, 0.0835 0.6645 0.0, 0.1023 0.689 -0.1968, 0.1023 0.689 0.0, 0.1141 0.7175 -0.1968, 0.1141 0.7175 0.0, 0.1181 0.748 -0.1968, -0.0682 0.7087 -0.2362, -0.0761 0.7277 -0.2362, 0.0 0.748 -0.2362, -0.0787 0.748 -0.2362, -0.0761 0.7684 -0.2362, -0.0204 0.672 -0.2362, -0.0394 0.6798 -0.2362, -0.0557 0.6924 -0.2362, 0.0394 0.6798 -0.2362, 0.0204 0.672 -0.2362, 0.0 0.6693 -0.2362, 0.0761 0.7277 -0.2362, 0.0682 0.7087 -0.2362, 0.0557 0.6924 -0.2362, 0.0682 0.7874 -0.2362, 0.0761 0.7684 -0.2362, 0.0787 0.748 -0.2362, 0.0204 0.8241 -0.2362, 0.0394 0.8162 -0.2362, 0.0557 0.8037 -0.2362, -0.0394 0.8162 -0.2362, -0.0204 0.8241 -0.2362, 0.0 0.8268 -0.2362, -0.0682 0.7874 -0.2362, -0.0557 0.8037 -0.2362, -0.1331 0.0357 0.1969, -0.128 0.0481 0.0, -0.1193 0.0689 0.1969, -0.1193 0.0689 0.0, -0.0974 0.0974 0.1969, -0.0974 0.0974 0.0, -0.0893 0.1037 0.0, -0.0689 0.1193 0.1969, -0.0689 0.1193 0.0, -0.0357 0.1331 0.1969, -0.0357 0.1331 0.0, 0.0 0.1378 0.1969, 0.0 0.1378 0.0, 0.0357 0.1331 0.1969, 0.0357 0.1331 0.0, 0.0689 0.1193 0.1969, 0.0689 0.1193 0.0, 0.0893 0.1037 0.0, 0.0974 0.0974 0.1969, 0.0974 0.0974 0.0, 0.1193 0.0689 0.1969, 0.1193 0.0689 0.0, 0.1331 0.0357 0.1969, 0.1331 0.0357 0.0, 0.1378 0.0 0.1969, 0.1378 0.0 0.0, 0.1331 -0.0357 0.1969, 0.1331 -0.0357 0.0, 0.1193 -0.0689 0.1969, 0.1193 -0.0689 0.0, 0.0989 -0.0956 0.0, 0.0974 -0.0974 0.1969, 0.0974 -0.0974 0.0, 0.0689 -0.1193 0.1969, 0.0689 -0.1193 0.0, 0.0357 -0.1331 0.1969, 0.0357 -0.1331 0.0, 0.0 -0.1378 0.1969, 0.0 -0.1378 0.0, -0.0357 -0.1331 0.1969, -0.0357 -0.1331 0.0, -0.0689 -0.1193 0.1969, -0.0689 -0.1193 0.0, -0.0974 -0.0974 0.1969, -0.0974 -0.0974 0.0, -0.0989 -0.0956 0.0, -0.1193 -0.0689 0.1969, -0.1193 -0.0689 0.0, -0.128 -0.0481 0.0, -0.1331 -0.0357 0.1969, -0.1331 -0.0357 0.0, -0.1378 -0.0 0.1969, -0.1378 0.0 0.0, -0.1331 0.0357 0.0, 0.0 0.0 0.1969, 0.6149 0.7837 0.1969, 0.6216 0.7998 0.0, 0.6287 0.8169 0.1969, 0.6287 0.8169 0.0, 0.6506 0.8455 0.1969, 0.6506 0.8455 0.0, 0.6791 0.8674 0.1969, 0.6791 0.8674 0.0, 0.7124 0.8811 0.1969, 0.7124 0.8811 0.0, 0.748 0.8858 0.1969, 0.748 0.8858 0.0, 0.7837 0.8811 0.1969, 0.7837 0.8811 0.0, 0.8169 0.8674 0.1969, 0.8169 0.8674 0.0, 0.8455 0.8455 0.1969, 0.8455 0.8455 0.0, 0.8674 0.8169 0.1969, 0.8674 0.8169 0.0, 0.8811 0.7837 0.1969, 0.8811 0.7837 0.0, 0.8858 0.748 0.1969, 0.8858 0.748 0.0, 0.8811 0.7124 0.1969, 0.8811 0.7124 0.0, 0.8674 0.6791 0.1969, 0.8674 0.6791 0.0, 0.8455 0.6506 0.1969, 0.8455 0.6506 0.0, 0.8169 0.6287 0.1969, 0.8169 0.6287 0.0, 0.7961 0.6201 0.0, 0.7837 0.6149 0.1969, 0.7837 0.6149 0.0, 0.748 0.6102 0.1969, 0.748 0.6102 0.0, 0.7124 0.6149 0.1969, 0.7124 0.6149 0.0, 0.6999 0.6201 0.0, 0.6791 0.6287 0.1969, 0.6791 0.6287 0.0, 0.6506 0.6506 0.1969, 0.6506 0.6506 0.0, 0.6287 0.6791 0.1969, 0.6287 0.6791 0.0, 0.6216 0.6963 0.0, 0.6149 0.7124 0.1969, 0.6149 0.7124 0.0, 0.6102 0.748 0.1969, 0.6102 0.748 0.0, 0.6149 0.7837 0.0, 0.748 0.748 0.1969, -0.6791 0.6287 0.1969, -0.6999 0.6201 0.0, -0.7124 0.6149 0.1969, -0.7124 0.6149 0.0, -0.748 0.6102 0.1969, -0.748 0.6102 0.0, -0.7837 0.6149 0.1969, -0.7837 0.6149 0.0, -0.7961 0.6201 0.0, -0.8169 0.6287 0.1969, -0.8169 0.6287 0.0, -0.8455 0.6506 0.1969, -0.8455 0.6506 0.0, -0.8674 0.6791 0.1969, -0.8674 0.6791 0.0, -0.8811 0.7124 0.1969, -0.8811 0.7124 0.0, -0.8858 0.748 0.1969, -0.8858 0.748 0.0, -0.8811 0.7837 0.1969, -0.8811 0.7837 0.0, -0.8674 0.8169 0.1969, -0.8674 0.8169 0.0, -0.8455 0.8455 0.1969, -0.8455 0.8455 0.0, -0.8169 0.8674 0.1969, -0.8169 0.8674 0.0, -0.7837 0.8811 0.1969, -0.7837 0.8811 0.0, -0.748 0.8858 0.1969, -0.748 0.8858 0.0, -0.7124 0.8811 0.1969, -0.7124 0.8811 0.0, -0.6791 0.8674 0.1969, -0.6791 0.8674 0.0, -0.6506 0.8455 0.1969, -0.6506 0.8455 0.0, -0.6287 0.8169 0.1969, -0.6287 0.8169 0.0, -0.6149 0.7837 0.1969, -0.6149 0.7837 0.0, -0.6102 0.748 0.1969, -0.6102 0.748 0.0, -0.6149 0.7124 0.1969, -0.6149 0.7124 0.0, -0.6287 0.6791 0.1969, -0.6287 0.6791 0.0, -0.6506 0.6506 0.1969, -0.6506 0.6506 0.0, -0.6791 0.6287 0.0, -0.748 0.748 0.1969, -0.8858 -0.748 0.1969, -0.8858 -0.748 0.0, -0.8811 -0.7124 0.1969, -0.8811 -0.7124 0.0, -0.8674 -0.6791 0.1969, -0.8674 -0.6791 0.0, -0.8455 -0.6506 0.1969, -0.8455 -0.6506 0.0, -0.8169 -0.6287 0.1969, -0.8169 -0.6287 0.0, -0.7837 -0.6149 0.1969, -0.7837 -0.6149 0.0, -0.748 -0.6102 0.1969, -0.748 -0.6102 0.0, -0.7124 -0.6149 0.1969, -0.7124 -0.6149 0.0, -0.6791 -0.6287 0.1969, -0.6791 -0.6287 0.0, -0.6506 -0.6506 0.1969, -0.6506 -0.6506 0.0, -0.6287 -0.6791 0.1969, -0.6287 -0.6791 0.0, -0.6149 -0.7124 0.1969, -0.6149 -0.7124 0.0, -0.6102 -0.748 0.1969, -0.6102 -0.748 0.0, -0.6149 -0.7837 0.1969, -0.6149 -0.7837 0.0, -0.6287 -0.8169 0.1969, -0.6287 -0.8169 0.0, -0.6506 -0.8455 0.1969, -0.6506 -0.8455 0.0, -0.6791 -0.8674 0.1969, -0.6791 -0.8674 0.0, -0.7124 -0.8811 0.1969, -0.7124 -0.8811 0.0, -0.748 -0.8858 0.1969, -0.748 -0.8858 0.0, -0.7837 -0.8811 0.1969, -0.7837 -0.8811 0.0, -0.8169 -0.8674 0.1969, -0.8169 -0.8674 0.0, -0.8455 -0.8455 0.1969, -0.8455 -0.8455 0.0, -0.8674 -0.8169 0.1969, -0.8674 -0.8169 0.0, -0.8811 -0.7837 0.1969, -0.8811 -0.7837 0.0, -0.748 -0.748 0.1969, 0.6149 -0.7124 0.1969, 0.6216 -0.6963 0.0, 0.6287 -0.6791 0.1969, 0.6287 -0.6791 0.0, 0.6506 -0.6506 0.1969, 0.6506 -0.6506 0.0, 0.6791 -0.6287 0.1969, 0.6791 -0.6287 0.0, 0.7124 -0.6149 0.1969, 0.7124 -0.6149 0.0, 0.748 -0.6102 0.1969, 0.748 -0.6102 0.0, 0.7837 -0.6149 0.1969, 0.7837 -0.6149 0.0, 0.8169 -0.6287 0.1969, 0.8169 -0.6287 0.0, 0.8455 -0.6506 0.1969, 0.8455 -0.6506 0.0, 0.8674 -0.6791 0.1969, 0.8674 -0.6791 0.0, 0.8811 -0.7124 0.1969, 0.8811 -0.7124 0.0, 0.8858 -0.748 0.1969, 0.8858 -0.748 0.0, 0.8811 -0.7837 0.1969, 0.8811 -0.7837 0.0, 0.8674 -0.8169 0.1969, 0.8674 -0.8169 0.0, 0.8455 -0.8455 0.1969, 0.8455 -0.8455 0.0, 0.8169 -0.8674 0.1969, 0.8169 -0.8674 0.0, 0.7837 -0.8811 0.1969, 0.7837 -0.8811 0.0, 0.748 -0.8858 0.1969, 0.748 -0.8858 0.0, 0.7124 -0.8811 0.1969, 0.7124 -0.8811 0.0, 0.6791 -0.8674 0.1969, 0.6791 -0.8674 0.0, 0.6506 -0.8455 0.1969, 0.6506 -0.8455 0.0, 0.6287 -0.8169 0.1969, 0.6287 -0.8169 0.0, 0.6216 -0.7998 0.0, 0.6149 -0.7837 0.1969, 0.6149 -0.7837 0.0, 0.6102 -0.748 0.1969, 0.6102 -0.748 0.0, 0.6149 -0.7124 0.0, 0.748 -0.748 0.1969, 0.2067 0.4934 0.1969, 0.2106 0.495 0.0, 0.2399 0.5071 0.1969, 0.2399 0.5071 0.0, 0.2756 0.5118 0.1969, 0.2756 0.5118 0.0, 0.3113 0.5071 0.1969, 0.3113 0.5071 0.0, 0.3445 0.4934 0.1969, 0.3445 0.4934 0.0, 0.373 0.4715 0.1969, 0.373 0.4715 0.0, 0.3949 0.4429 0.1969, 0.3949 0.4429 0.0, 0.4087 0.4097 0.1969, 0.4087 0.4097 0.0, 0.4134 0.374 0.1969, 0.4134 0.374 0.0, 0.4087 0.3384 0.1969, 0.4087 0.3384 0.0, 0.3949 0.3051 0.1969, 0.3949 0.3051 0.0, 0.373 0.2766 0.1969, 0.373 0.2766 0.0, 0.3445 0.2547 0.1969, 0.3445 0.2547 0.0, 0.3113 0.2409 0.1969, 0.3113 0.2409 0.0, 0.2756 0.2362 0.1969, 0.2756 0.2362 0.0, 0.2399 0.2409 0.1969, 0.2399 0.2409 0.0, 0.2106 0.2531 0.0, 0.2067 0.2547 0.1969, 0.2067 0.2547 0.0, 0.1782 0.2766 0.1969, 0.1782 0.2766 0.0, 0.1563 0.3051 0.1969, 0.1563 0.3051 0.0, 0.1425 0.3384 0.1969, 0.1425 0.3384 0.0, 0.1378 0.374 0.1969, 0.1378 0.374 0.0, 0.1425 0.4097 0.1969, 0.1425 0.4097 0.0, 0.1563 0.4429 0.1969, 0.1563 0.4429 0.0, 0.1782 0.4715 0.1969, 0.1782 0.4715 0.0, 0.2067 0.4934 0.0, 0.2756 0.374 0.1969, -0.3113 0.5071 0.1969, -0.2953 0.5092 0.0, -0.2756 0.5118 0.1969, -0.2756 0.5118 0.0, -0.2399 0.5071 0.1969, -0.2399 0.5071 0.0, -0.2067 0.4934 0.1969, -0.2067 0.4934 0.0, -0.1782 0.4715 0.1969, -0.1782 0.4715 0.0, -0.1563 0.4429 0.1969, -0.1563 0.4429 0.0, -0.1425 0.4097 0.1969, -0.1425 0.4097 0.0, -0.1378 0.374 0.1969, -0.1378 0.374 0.0, -0.1425 0.3384 0.1969, -0.1425 0.3384 0.0, -0.1563 0.3051 0.1969, -0.1563 0.3051 0.0, -0.1782 0.2766 0.1969, -0.1782 0.2766 0.0, -0.2067 0.2547 0.1969, -0.2067 0.2547 0.0, -0.2399 0.2409 0.1969, -0.2399 0.2409 0.0, -0.2756 0.2362 0.1969, -0.2756 0.2362 0.0, -0.2953 0.2388 0.0, -0.3113 0.2409 0.1969, -0.3113 0.2409 0.0, -0.3445 0.2547 0.1969, -0.3445 0.2547 0.0, -0.373 0.2766 0.1969, -0.373 0.2766 0.0, -0.3949 0.3051 0.1969, -0.3949 0.3051 0.0, -0.4087 0.3384 0.1969, -0.4087 0.3384 0.0, -0.4134 0.374 0.1969, -0.4134 0.374 0.0, -0.4087 0.4097 0.1969, -0.4087 0.4097 0.0, -0.3949 0.4429 0.1969, -0.3949 0.4429 0.0, -0.373 0.4715 0.1969, -0.373 0.4715 0.0, -0.3445 0.4934 0.1969, -0.3445 0.4934 0.0, -0.3113 0.5071 0.0, -0.2756 0.374 0.1969, 0.2067 -0.2547 0.1969, 0.2106 -0.2531 0.0, 0.2399 -0.2409 0.1969, 0.2399 -0.2409 0.0, 0.2756 -0.2362 0.1969, 0.2756 -0.2362 0.0, 0.3113 -0.2409 0.1969, 0.3113 -0.2409 0.0, 0.3445 -0.2547 0.1969, 0.3445 -0.2547 0.0, 0.373 -0.2766 0.1969, 0.373 -0.2766 0.0, 0.3949 -0.3051 0.1969, 0.3949 -0.3051 0.0, 0.4087 -0.3384 0.1969, 0.4087 -0.3384 0.0, 0.4134 -0.374 0.1969, 0.4134 -0.374 0.0, 0.4087 -0.4097 0.1969, 0.4087 -0.4097 0.0, 0.3949 -0.4429 0.1969, 0.3949 -0.4429 0.0, 0.373 -0.4715 0.1969, 0.373 -0.4715 0.0, 0.3445 -0.4934 0.1969, 0.3445 -0.4934 0.0, 0.3113 -0.5071 0.1969, 0.3113 -0.5071 0.0, 0.2756 -0.5118 0.1969, 0.2756 -0.5118 0.0, 0.2399 -0.5071 0.1969, 0.2399 -0.5071 0.0, 0.2106 -0.495 0.0, 0.2067 -0.4934 0.1969, 0.2067 -0.4934 0.0, 0.1782 -0.4715 0.1969, 0.1782 -0.4715 0.0, 0.1563 -0.4429 0.1969, 0.1563 -0.4429 0.0, 0.1425 -0.4097 0.1969, 0.1425 -0.4097 0.0, 0.1378 -0.374 0.1969, 0.1378 -0.374 0.0, 0.1425 -0.3384 0.1969, 0.1425 -0.3384 0.0, 0.1563 -0.3051 0.1969, 0.1563 -0.3051 0.0, 0.1782 -0.2766 0.1969, 0.1782 -0.2766 0.0, 0.2067 -0.2547 0.0, 0.2756 -0.374 0.1969, -0.3113 -0.2409 0.1969, -0.2953 -0.2388 0.0, -0.2756 -0.2362 0.1969, -0.2756 -0.2362 0.0, -0.2399 -0.2409 0.1969, -0.2399 -0.2409 0.0, -0.2067 -0.2547 0.1969, -0.2067 -0.2547 0.0, -0.1782 -0.2766 0.1969, -0.1782 -0.2766 0.0, -0.1563 -0.3051 0.1969, -0.1563 -0.3051 0.0, -0.1425 -0.3384 0.1969, -0.1425 -0.3384 0.0, -0.1378 -0.374 0.1969, -0.1378 -0.374 0.0, -0.1425 -0.4097 0.1969, -0.1425 -0.4097 0.0, -0.1563 -0.4429 0.1969, -0.1563 -0.4429 0.0, -0.1782 -0.4715 0.1969, -0.1782 -0.4715 0.0, -0.2067 -0.4934 0.1969, -0.2067 -0.4934 0.0, -0.2399 -0.5071 0.1969, -0.2399 -0.5071 0.0, -0.2756 -0.5118 0.1969, -0.2756 -0.5118 0.0, -0.2953 -0.5092 0.0, -0.3113 -0.5071 0.1969, -0.3113 -0.5071 0.0, -0.3445 -0.4934 0.1969, -0.3445 -0.4934 0.0, -0.373 -0.4715 0.1969, -0.373 -0.4715 0.0, -0.3949 -0.4429 0.1969, -0.3949 -0.4429 0.0, -0.4087 -0.4097 0.1969, -0.4087 -0.4097 0.0, -0.4134 -0.374 0.1969, -0.4134 -0.374 0.0, -0.4087 -0.3384 0.1969, -0.4087 -0.3384 0.0, -0.3949 -0.3051 0.1969, -0.3949 -0.3051 0.0, -0.373 -0.2766 0.1969, -0.373 -0.2766 0.0, -0.3445 -0.2547 0.1969, -0.3445 -0.2547 0.0, -0.3113 -0.2409 0.0, -0.2756 -0.374 0.1969, -0.5906 0.0 0.6299, -0.5799 -0.1118 0.6299, -0.5851 -0.0804 1.1614, -0.5482 -0.2195 0.6299, -0.5687 -0.1593 1.1614, -0.5786 -0.1115 1.1614, -0.4961 -0.3188 1.1614, -0.5046 -0.3068 1.1614, -0.4968 -0.3193 0.6299, -0.5417 -0.2353 1.1614, -0.5474 -0.2192 1.1614, -0.4581 -0.3727 1.1614, -0.4274 -0.4075 0.6299, -0.4264 -0.4066 1.1614, -0.4031 -0.4316 1.1614, -0.3426 -0.481 0.6299, -0.3425 -0.4809 1.1614, -0.3406 -0.4825 1.1614, -0.2453 -0.5372 0.6299, -0.2717 -0.5243 1.1614, -0.1392 -0.5739 0.6299, -0.1978 -0.5565 1.1614, -0.2448 -0.536 1.1614, -0.0281 -0.5892 1.1614, -0.0403 -0.5892 1.1614, -0.0281 -0.5899 0.6299, -0.1202 -0.5782 1.1614, -0.139 -0.5729 1.1614, 0.0403 -0.5892 1.1614, 0.084 -0.5845 0.6299, 0.0839 -0.5832 1.1614, 0.1202 -0.5782 1.1614, 0.1932 -0.5581 0.6299, 0.1931 -0.5578 1.1614, 0.1978 -0.5565 1.1614, 0.2953 -0.5114 0.6299, 0.2717 -0.5243 1.1614, 0.3867 -0.4463 0.6299, 0.3406 -0.4825 1.1614, 0.2946 -0.5104 1.1614, 0.4637 -0.3647 1.1614, 0.4581 -0.3727 1.1614, 0.4642 -0.3651 0.6299, 0.4031 -0.4316 1.1614, 0.386 -0.4455 1.1614, 0.5046 -0.3068 1.1614, 0.5249 -0.2706 0.6299, 0.5237 -0.27 1.1614, 0.5417 -0.2353 1.1614, 0.5666 -0.1664 0.6299, 0.5662 -0.1662 1.1614, 0.5687 -0.1593 1.1614, 0.5879 -0.0561 0.6299, 0.5851 -0.0804 1.1614, 0.5662 0.1662 1.1614, 0.5687 0.1593 1.1614, 0.5666 0.1664 0.6299, 0.5851 0.0804 1.1614, 0.5879 0.0561 0.6299, 0.5867 0.0561 1.1614, 0.5906 0.0 0.6299, 0.5906 0.0 1.1614, 0.5867 -0.0561 1.1614, 0.5417 0.2353 1.1614, 0.5249 0.2706 0.6299, 0.5237 0.27 1.1614, 0.5046 0.3068 1.1614, 0.4642 0.3651 0.6299, 0.4637 0.3647 1.1614, 0.4581 0.3727 1.1614, 0.3867 0.4463 0.6299, 0.4031 0.4316 1.1614, 0.2953 0.5114 0.6299, 0.3406 0.4825 1.1614, 0.386 0.4455 1.1614, 0.1931 0.5578 1.1614, 0.1978 0.5565 1.1614, 0.1932 0.5581 0.6299, 0.2717 0.5243 1.1614, 0.2946 0.5104 1.1614, 0.1202 0.5782 1.1614, 0.084 0.5845 0.6299, 0.0839 0.5832 1.1614, 0.0403 0.5892 1.1614, -0.0281 0.5899 0.6299, -0.0281 0.5892 1.1614, -0.0403 0.5892 1.1614, -0.1392 0.5739 0.6299, -0.1202 0.5782 1.1614, -0.2453 0.5372 0.6299, -0.1978 0.5565 1.1614, -0.139 0.5729 1.1614, -0.3406 0.4825 1.1614, -0.2717 0.5243 1.1614, -0.2448 0.536 1.1614, -0.3425 0.4809 1.1614, -0.3426 0.481 0.6299, -0.4031 0.4316 1.1614, -0.4274 0.4075 0.6299, -0.4264 0.4066 1.1614, -0.4581 0.3727 1.1614, -0.4968 0.3193 0.6299, -0.4961 0.3188 1.1614, -0.5046 0.3068 1.1614, -0.5482 0.2195 0.6299, -0.5417 0.2353 1.1614, -0.5799 0.1118 0.6299, -0.5687 0.1593 1.1614, -0.5474 0.2192 1.1614, -0.5906 0.0 1.1614, -0.5851 0.0804 1.1614, -0.5786 0.1115 1.1614, -0.1161 0.5589 1.1811, -0.1912 0.5379 1.1811, -0.5497 0.154 1.1811, -0.5568 0.0 1.1811, -0.3292 -0.4664 1.1811, -0.2626 -0.5069 1.1811, -0.5655 -0.0777 1.1811, -0.5497 -0.154 1.1811, -0.5236 -0.2274 1.1811, -0.4878 -0.2966 1.1811, -0.4428 -0.3603 1.1811, -0.3896 -0.4172 1.1811, -0.1912 -0.5379 1.1811, -0.1161 -0.5589 1.1811, 0.0 -0.5568 1.1811, -0.039 -0.5695 1.1811, 0.039 -0.5695 1.1811, -0.5709 0.0 1.1811, -0.5655 0.0777 1.1811, 0.0 0.5568 1.1811, -0.039 0.5695 1.1811, 0.5568 -0.0 1.1811, 0.3292 0.4664 1.1811, 0.2626 0.5069 1.1811, 0.4878 -0.2966 1.1811, 0.5236 -0.2274 1.1811, -0.2626 0.5069 1.1811, -0.3292 0.4664 1.1811, -0.3896 0.4172 1.1811, -0.4428 0.3603 1.1811, -0.4878 0.2966 1.1811, -0.5236 0.2274 1.1811, 0.5497 0.154 1.1811, 0.5236 0.2274 1.1811, 0.4878 0.2966 1.1811, 0.4428 0.3603 1.1811, 0.3896 0.4172 1.1811, 0.1912 0.5379 1.1811, 0.1161 0.5589 1.1811, 0.039 0.5695 1.1811, 0.1161 -0.5589 1.1811, 0.3896 -0.4172 1.1811, 0.1912 -0.5379 1.1811, 0.3292 -0.4664 1.1811, 0.2626 -0.5069 1.1811, 0.4428 -0.3603 1.1811, 0.5497 -0.154 1.1811, 0.5655 -0.0777 1.1811, 0.5709 -0.0 1.1811, 0.5655 0.0777 1.1811, 0.0278 0.5011 1.9291, 0.5011 0.0278 1.9291, 0.0278 0.5011 1.2008, 0.5011 0.0278 1.2008, -0.5011 0.0278 1.9291, -0.0278 0.5011 1.9291, -0.5011 0.0278 1.2008, -0.0278 0.5011 1.2008, -0.5011 -0.0278 1.2008, -0.0278 -0.5011 1.2008, -0.5011 -0.0278 1.9291, -0.0278 -0.5011 1.9291, 0.5011 -0.0278 1.9291, 0.0278 -0.5011 1.9291, 0.5011 -0.0278 1.2008, 0.0278 -0.5011 1.2008, 0.0 -0.4733 1.9685, 0.4733 -0.0 1.9685, -0.4733 0.0 1.9685, 0.0 0.4733 1.9685, 0.5844 0.0803 1.1665, 0.541 0.235 1.1665, 0.504 0.3065 1.1665, 0.3402 0.4819 1.1665, 0.2714 0.5237 1.1665, 0.12 0.5775 1.1665, 0.0403 0.5885 1.1665, -0.1975 0.5558 1.1665, -0.2714 0.5237 1.1665, -0.4026 0.4311 1.1665, -0.4576 0.3723 1.1665, -0.568 0.1591 1.1665, -0.5844 0.0803 1.1665, -0.568 -0.1591 1.1665, -0.541 -0.235 1.1665, -0.4576 -0.3723 1.1665, -0.4026 -0.4311 1.1665, -0.3402 -0.4819 1.1665, -0.1975 -0.5558 1.1665, -0.12 -0.5775 1.1665, 0.0403 -0.5885 1.1665, 0.12 -0.5775 1.1665, 0.3402 -0.4819 1.1665, 0.4026 -0.4311 1.1665, 0.504 -0.3065 1.1665, 0.541 -0.235 1.1665, 0.5899 0.0 1.1665, 0.5546 -0.1554 1.1804, 0.5283 -0.2295 1.1804, 0.5592 -0.1567 1.1785, 0.5326 -0.2314 1.1785, 0.5631 -0.1578 1.1753, 0.5364 -0.233 1.1753, 0.5661 -0.1586 1.1713, 0.5392 -0.2342 1.1713, 0.568 -0.1591 1.1665, 0.1929 -0.5427 1.1804, 0.1172 -0.5639 1.1804, 0.1945 -0.5472 1.1785, 0.1181 -0.5686 1.1785, 0.1958 -0.551 1.1753, 0.119 -0.5726 1.1753, 0.1969 -0.554 1.1713, 0.1196 -0.5756 1.1713, 0.1975 -0.5558 1.1665, -0.4921 0.2993 1.1804, -0.4468 0.3635 1.1804, -0.4962 0.3017 1.1785, -0.4505 0.3665 1.1785, -0.4997 0.3038 1.1753, -0.4536 0.3691 1.1753, -0.5023 0.3055 1.1713, -0.4561 0.371 1.1713, -0.504 0.3065 1.1665, -0.0393 0.5746 1.1804, 0.0393 0.5746 1.1804, -0.0396 0.5794 1.1785, 0.0396 0.5794 1.1785, -0.0399 0.5834 1.1753, 0.0399 0.5834 1.1753, -0.0401 0.5865 1.1713, 0.0401 0.5865 1.1713, -0.0403 0.5885 1.1665, 0.4468 0.3635 1.1804, 0.4921 0.2993 1.1804, 0.4505 0.3665 1.1785, 0.4962 0.3017 1.1785, 0.4536 0.3691 1.1753, 0.4997 0.3038 1.1753, 0.4561 0.371 1.1713, 0.5023 0.3055 1.1713, 0.4576 0.3723 1.1665, 0.5844 -0.0803 1.1665, 0.5824 -0.0801 1.1713, 0.5879 0.0 1.1713, 0.5793 -0.0796 1.1753, 0.5848 0.0 1.1753, 0.5753 -0.0791 1.1785, 0.5807 0.0 1.1785, 0.5706 -0.0784 1.1804, 0.576 0.0 1.1804, 0.4921 -0.2993 1.1804, 0.4962 -0.3017 1.1785, 0.4997 -0.3038 1.1753, 0.5023 -0.3055 1.1713, 0.4576 -0.3723 1.1665, 0.4561 -0.371 1.1713, 0.4536 -0.3691 1.1753, 0.4505 -0.3665 1.1785, 0.4468 -0.3635 1.1804, 0.3931 -0.4209 1.1804, 0.3964 -0.4244 1.1785, 0.3991 -0.4274 1.1753, 0.4013 -0.4297 1.1713, 0.3321 -0.4705 1.1804, 0.3349 -0.4744 1.1785, 0.3372 -0.4778 1.1753, 0.339 -0.4803 1.1713, 0.2714 -0.5237 1.1665, 0.2705 -0.522 1.1713, 0.269 -0.5192 1.1753, 0.2672 -0.5156 1.1785, 0.265 -0.5114 1.1804, 0.0393 -0.5746 1.1804, 0.0396 -0.5794 1.1785, 0.0399 -0.5834 1.1753, 0.0401 -0.5865 1.1713, -0.0403 -0.5885 1.1665, -0.0401 -0.5865 1.1713, -0.0399 -0.5834 1.1753, -0.0396 -0.5794 1.1785, -0.0393 -0.5746 1.1804, -0.1172 -0.5639 1.1804, -0.1181 -0.5686 1.1785, -0.119 -0.5726 1.1753, -0.1196 -0.5756 1.1713, -0.1929 -0.5427 1.1804, -0.1945 -0.5472 1.1785, -0.1958 -0.551 1.1753, -0.1969 -0.554 1.1713, -0.2714 -0.5237 1.1665, -0.2705 -0.522 1.1713, -0.269 -0.5192 1.1753, -0.2672 -0.5156 1.1785, -0.265 -0.5114 1.1804, -0.3321 -0.4705 1.1804, -0.3349 -0.4744 1.1785, -0.3372 -0.4778 1.1753, -0.339 -0.4803 1.1713, -0.4013 -0.4297 1.1713, -0.3991 -0.4274 1.1753, -0.3964 -0.4244 1.1785, -0.3931 -0.4209 1.1804, -0.4468 -0.3635 1.1804, -0.4505 -0.3665 1.1785, -0.4536 -0.3691 1.1753, -0.4561 -0.371 1.1713, -0.504 -0.3065 1.1665, -0.5023 -0.3055 1.1713, -0.4997 -0.3038 1.1753, -0.4962 -0.3017 1.1785, -0.4921 -0.2993 1.1804, -0.5283 -0.2295 1.1804, -0.5326 -0.2314 1.1785, -0.5364 -0.233 1.1753, -0.5392 -0.2342 1.1713, -0.5546 -0.1554 1.1804, -0.5592 -0.1567 1.1785, -0.5631 -0.1578 1.1753, -0.5661 -0.1586 1.1713, -0.5844 -0.0803 1.1665, -0.5824 -0.0801 1.1713, -0.5793 -0.0796 1.1753, -0.5753 -0.0791 1.1785, -0.5706 -0.0784 1.1804, -0.576 -0.0 1.1804, -0.5807 -0.0 1.1785, -0.5848 -0.0 1.1753, -0.5879 -0.0 1.1713, -0.5899 -0.0 1.1665, -0.5706 0.0784 1.1804, -0.5753 0.0791 1.1785, -0.5793 0.0796 1.1753, -0.5824 0.0801 1.1713, -0.5546 0.1554 1.1804, -0.5592 0.1567 1.1785, -0.5631 0.1578 1.1753, -0.5661 0.1586 1.1713, -0.541 0.235 1.1665, -0.5392 0.2342 1.1713, -0.5364 0.233 1.1753, -0.5326 0.2314 1.1785, -0.5283 0.2295 1.1804, -0.4013 0.4297 1.1713, -0.3991 0.4274 1.1753, -0.3964 0.4244 1.1785, -0.3931 0.4209 1.1804, -0.3402 0.4819 1.1665, -0.339 0.4803 1.1713, -0.3372 0.4778 1.1753, -0.3349 0.4744 1.1785, -0.3321 0.4705 1.1804, -0.265 0.5114 1.1804, -0.2672 0.5156 1.1785, -0.269 0.5192 1.1753, -0.2705 0.522 1.1713, -0.1929 0.5427 1.1804, -0.1945 0.5472 1.1785, -0.1958 0.551 1.1753, -0.1969 0.554 1.1713, -0.12 0.5775 1.1665, -0.1196 0.5756 1.1713, -0.119 0.5726 1.1753, -0.1181 0.5686 1.1785, -0.1172 0.5639 1.1804, 0.1196 0.5756 1.1713, 0.119 0.5726 1.1753, 0.1181 0.5686 1.1785, 0.1172 0.5639 1.1804, 0.1975 0.5558 1.1665, 0.1969 0.554 1.1713, 0.1958 0.551 1.1753, 0.1945 0.5472 1.1785, 0.1929 0.5427 1.1804, 0.265 0.5114 1.1804, 0.2672 0.5156 1.1785, 0.269 0.5192 1.1753, 0.2705 0.522 1.1713, 0.3321 0.4705 1.1804, 0.3349 0.4744 1.1785, 0.3372 0.4778 1.1753, 0.339 0.4803 1.1713, 0.4026 0.4311 1.1665, 0.4013 0.4297 1.1713, 0.3991 0.4274 1.1753, 0.3964 0.4244 1.1785, 0.3931 0.4209 1.1804, 0.5392 0.2342 1.1713, 0.5364 0.233 1.1753, 0.5326 0.2314 1.1785, 0.5283 0.2295 1.1804, 0.568 0.1591 1.1665, 0.5661 0.1586 1.1713, 0.5631 0.1578 1.1753, 0.5592 0.1567 1.1785, 0.5546 0.1554 1.1804, 0.5706 0.0784 1.1804, 0.5753 0.0791 1.1785, 0.5793 0.0796 1.1753, 0.5824 0.0801 1.1713, 0.0258 -0.5052 1.1933, 0.024 -0.5089 1.191, 0.5089 -0.024 1.191, 0.0176 -0.5216 1.1855, 0.0137 -0.5293 1.184, 0.5293 -0.0137 1.184, 0.5425 -0.0071 1.182, 0.0071 -0.5425 1.182, 0.537 -0.0099 1.1824, 0.0099 -0.537 1.1824, 0.0195 -0.5178 1.187, 0.5216 -0.0176 1.1855, 0.5178 -0.0195 1.187, 0.5113 -0.0227 1.1894, 0.0227 -0.5113 1.1894, 0.0268 -0.5032 1.1957, 0.5052 -0.0258 1.1933, 0.5032 -0.0268 1.1957, 0.5021 -0.0274 1.1971, 0.0274 -0.5021 1.1971, 0.5021 0.0274 1.1971, 0.5032 0.0268 1.1957, 0.0268 0.5032 1.1957, 0.5052 0.0258 1.1933, 0.5089 0.024 1.191, 0.024 0.5089 1.191, 0.5216 0.0176 1.1855, 0.5293 0.0137 1.184, 0.0137 0.5293 1.184, 0.0071 0.5425 1.182, 0.5425 0.0071 1.182, 0.0099 0.537 1.1824, 0.537 0.0099 1.1824, 0.5178 0.0195 1.187, 0.0176 0.5216 1.1855, 0.0195 0.5178 1.187, 0.0227 0.5113 1.1894, 0.5113 0.0227 1.1894, 0.0258 0.5052 1.1933, 0.0274 0.5021 1.1971, -0.0274 -0.5021 1.1971, -0.0268 -0.5032 1.1957, -0.5021 -0.0274 1.1971, -0.5032 -0.0268 1.1957, -0.0258 -0.5052 1.1933, -0.024 -0.5089 1.191, -0.5052 -0.0258 1.1933, -0.5089 -0.024 1.191, -0.0227 -0.5113 1.1894, -0.0195 -0.5178 1.187, -0.5113 -0.0227 1.1894, -0.5178 -0.0195 1.187, -0.0176 -0.5216 1.1855, -0.0137 -0.5293 1.184, -0.5293 -0.0137 1.184, -0.537 -0.0099 1.1824, -0.0071 -0.5425 1.182, -0.5216 -0.0176 1.1855, -0.0099 -0.537 1.1824, -0.5425 -0.0071 1.182, -0.0258 0.5052 1.1933, -0.024 0.5089 1.191, -0.5089 0.024 1.191, -0.0227 0.5113 1.1894, -0.0195 0.5178 1.187, -0.5178 0.0195 1.187, -0.5425 0.0071 1.182, -0.0071 0.5425 1.182, -0.537 0.0099 1.1824, -0.5293 0.0137 1.184, -0.0137 0.5293 1.184, -0.0099 0.537 1.1824, -0.5216 0.0176 1.1855, -0.0176 0.5216 1.1855, -0.5113 0.0227 1.1894, -0.0268 0.5032 1.1957, -0.5052 0.0258 1.1933, -0.5032 0.0268 1.1957, -0.5021 0.0274 1.1971, -0.0274 0.5021 1.1971, 0.5074 -0.0197 1.2008, 0.5113 0.0102 1.2008, 0.5126 -0.0 1.2008, 0.5127 -0.0 1.2, 0.5074 0.0197 1.2008, 0.5115 0.01 1.1997, 0.5079 0.0193 1.1987, 0.5079 -0.0193 1.1987, 0.5098 -0.018 1.196, 0.5098 0.018 1.196, 0.5141 -0.0157 1.1922, 0.5141 0.0157 1.1922, 0.5227 -0.012 1.1875, 0.5227 0.012 1.1875, 0.5372 -0.0066 1.1831, 0.5373 -0.0033 1.1835, 0.5234 -0.0061 1.1887, 0.5158 -0.008 1.1939, 0.5126 -0.0093 1.1976, 0.5115 -0.01 1.1997, 0.5113 -0.0102 1.2008, 0.5374 -0.0 1.1836, 0.5236 -0.0 1.1891, 0.5164 -0.0 1.1945, 0.5136 -0.0 1.1982, 0.5372 0.0066 1.1831, 0.5126 0.0093 1.1976, 0.5158 0.008 1.1939, 0.5234 0.0061 1.1887, 0.5373 0.0033 1.1835, 0.5074 -0.0197 1.9291, 0.5113 -0.0102 1.9291, 0.5126 -0.0 1.9291, 0.5113 0.0102 1.9291, 0.5074 0.0197 1.9291, 0.0197 0.5074 1.2008, -0.0102 0.5113 1.2008, 0.0 0.5126 1.2008, 0.0 0.5127 1.2, -0.0197 0.5074 1.2008, -0.01 0.5115 1.1997, -0.0193 0.5079 1.1987, 0.0193 0.5079 1.1987, 0.018 0.5098 1.196, -0.018 0.5098 1.196, 0.0157 0.5141 1.1922, -0.0157 0.5141 1.1922, 0.012 0.5227 1.1875, -0.012 0.5227 1.1875, 0.0066 0.5372 1.1831, 0.0033 0.5373 1.1835, 0.0061 0.5234 1.1887, 0.008 0.5158 1.1939, 0.0093 0.5126 1.1976, 0.01 0.5115 1.1997, 0.0102 0.5113 1.2008, 0.0 0.5374 1.1836, 0.0 0.5236 1.1891, 0.0 0.5164 1.1945, 0.0 0.5136 1.1982, -0.0066 0.5372 1.1831, -0.0093 0.5126 1.1976, -0.008 0.5158 1.1939, -0.0061 0.5234 1.1887, -0.0033 0.5373 1.1835, 0.5002 0.0269 1.9393, 0.5062 0.019 1.9393, 0.4923 0.0051 1.9632, 0.4831 0.0026 1.9672, 0.4834 -0.0 1.9672, 0.4805 -0.0072 1.9672, 0.4821 -0.0051 1.9672, 0.4821 0.0051 1.9672, 0.4903 0.0098 1.9632, 0.4974 0.0139 1.957, 0.4805 0.0072 1.9672, 0.4929 -0.0 1.9632, 0.4831 -0.0026 1.9672, 0.4923 -0.0051 1.9632, 0.4903 -0.0098 1.9632, 0.4872 -0.0139 1.9632, 0.4872 0.0139 1.9632, 0.4929 0.0197 1.957, 0.4974 0.0241 1.9488, 0.5002 0.0072 1.957, 0.5011 -0.0 1.957, 0.5002 -0.0072 1.957, 0.4974 -0.0139 1.957, 0.4929 -0.0197 1.957, 0.5028 0.017 1.9488, 0.5062 0.0088 1.9488, 0.5074 -0.0 1.9488, 0.5062 -0.0088 1.9488, 0.5028 -0.017 1.9488, 0.4974 -0.0241 1.9488, 0.51 0.0098 1.9393, 0.5113 -0.0 1.9393, 0.51 -0.0098 1.9393, 0.5062 -0.019 1.9393, 0.5002 -0.0269 1.9393, -0.0197 -0.5074 1.2008, 0.0102 -0.5113 1.2008, 0.0 -0.5126 1.2008, 0.0 -0.5127 1.2, 0.0197 -0.5074 1.2008, 0.01 -0.5115 1.1997, 0.0193 -0.5079 1.1987, -0.0193 -0.5079 1.1987, -0.018 -0.5098 1.196, 0.018 -0.5098 1.196, -0.0157 -0.5141 1.1922, 0.0157 -0.5141 1.1922, -0.012 -0.5227 1.1875, 0.012 -0.5227 1.1875, -0.0066 -0.5372 1.1831, -0.0033 -0.5373 1.1835, -0.0061 -0.5234 1.1887, -0.008 -0.5158 1.1939, -0.0093 -0.5126 1.1976, -0.01 -0.5115 1.1997, -0.0102 -0.5113 1.2008, 0.0 -0.5374 1.1836, 0.0 -0.5236 1.1891, 0.0 -0.5164 1.1945, 0.0 -0.5136 1.1982, 0.0066 -0.5372 1.1831, 0.0093 -0.5126 1.1976, 0.008 -0.5158 1.1939, 0.0061 -0.5234 1.1887, 0.0033 -0.5373 1.1835, 0.0197 0.5074 1.9291, 0.0102 0.5113 1.9291, 0.0 0.5126 1.9291, -0.0102 0.5113 1.9291, -0.0197 0.5074 1.9291, 0.0072 0.4805 1.9672, 0.0139 0.4872 1.9632, 0.0197 0.4929 1.957, 0.0241 0.4974 1.9488, 0.0269 0.5002 1.9393, 0.0072 -0.4805 1.9672, 0.0139 -0.4872 1.9632, 0.0197 -0.4929 1.957, 0.0241 -0.4974 1.9488, 0.0269 -0.5002 1.9393, -0.0197 -0.5074 1.9291, -0.0102 -0.5113 1.9291, 0.0 -0.5126 1.9291, 0.0102 -0.5113 1.9291, 0.0197 -0.5074 1.9291, -0.0269 0.5002 1.9393, -0.019 0.5062 1.9393, -0.0051 0.4923 1.9632, -0.0026 0.4831 1.9672, 0.0 0.4834 1.9672, 0.0051 0.4821 1.9672, -0.0051 0.4821 1.9672, -0.0098 0.4903 1.9632, -0.0139 0.4974 1.957, -0.0072 0.4805 1.9672, 0.0 0.4929 1.9632, 0.0026 0.4831 1.9672, 0.0051 0.4923 1.9632, 0.0098 0.4903 1.9632, -0.0139 0.4872 1.9632, -0.0197 0.4929 1.957, -0.0241 0.4974 1.9488, -0.0072 0.5002 1.957, 0.0 0.5011 1.957, 0.0072 0.5002 1.957, 0.0139 0.4974 1.957, -0.017 0.5028 1.9488, -0.0088 0.5062 1.9488, 0.0 0.5074 1.9488, 0.0088 0.5062 1.9488, 0.017 0.5028 1.9488, -0.0098 0.51 1.9393, 0.0 0.5113 1.9393, 0.0098 0.51 1.9393, 0.019 0.5062 1.9393, 0.019 -0.5062 1.9393, 0.0051 -0.4923 1.9632, 0.0026 -0.4831 1.9672, 0.0 -0.4834 1.9672, -0.0072 -0.4805 1.9672, -0.0051 -0.4821 1.9672, 0.0051 -0.4821 1.9672, 0.0098 -0.4903 1.9632, 0.0139 -0.4974 1.957, 0.0 -0.4929 1.9632, -0.0026 -0.4831 1.9672, -0.0051 -0.4923 1.9632, -0.0098 -0.4903 1.9632, -0.0139 -0.4872 1.9632, 0.0072 -0.5002 1.957, 0.0 -0.5011 1.957, -0.0072 -0.5002 1.957, -0.0139 -0.4974 1.957, -0.0197 -0.4929 1.957, 0.017 -0.5028 1.9488, 0.0088 -0.5062 1.9488, 0.0 -0.5074 1.9488, -0.0088 -0.5062 1.9488, -0.017 -0.5028 1.9488, -0.0241 -0.4974 1.9488, 0.0098 -0.51 1.9393, 0.0 -0.5113 1.9393, -0.0098 -0.51 1.9393, -0.019 -0.5062 1.9393, -0.0269 -0.5002 1.9393, -0.4805 0.0072 1.9672, -0.4872 0.0139 1.9632, -0.4929 0.0197 1.957, -0.4974 0.0241 1.9488, -0.5002 0.0269 1.9393, -0.4805 -0.0072 1.9672, -0.4872 -0.0139 1.9632, -0.4929 -0.0197 1.957, -0.4974 -0.0241 1.9488, -0.5002 -0.0269 1.9393, -0.5062 -0.019 1.9393, -0.4923 -0.0051 1.9632, -0.4831 -0.0026 1.9672, -0.4834 0.0 1.9672, -0.4821 0.0051 1.9672, -0.4821 -0.0051 1.9672, -0.4903 -0.0098 1.9632, -0.4974 -0.0139 1.957, -0.4929 0.0 1.9632, -0.4831 0.0026 1.9672, -0.4923 0.0051 1.9632, -0.4903 0.0098 1.9632, -0.5002 -0.0072 1.957, -0.5011 0.0 1.957, -0.5002 0.0072 1.957, -0.4974 0.0139 1.957, -0.5028 -0.017 1.9488, -0.5062 -0.0088 1.9488, -0.5074 0.0 1.9488, -0.5062 0.0088 1.9488, -0.5028 0.017 1.9488, -0.51 -0.0098 1.9393, -0.5113 0.0 1.9393, -0.51 0.0098 1.9393, -0.5062 0.019 1.9393, -0.5074 -0.0197 1.9291, -0.5113 -0.0102 1.9291, -0.5126 0.0 1.9291, -0.5113 0.0102 1.9291, -0.5074 0.0197 1.9291, -0.5074 0.0197 1.2008, -0.5113 0.0102 1.2008, -0.5126 -0.0 1.2008, -0.5113 -0.0102 1.2008, -0.5074 -0.0197 1.2008, -0.5127 0.0 1.2, -0.5115 -0.01 1.1997, -0.5079 -0.0193 1.1987, -0.5079 0.0193 1.1987, -0.5098 0.018 1.196, -0.5098 -0.018 1.196, -0.5141 0.0157 1.1922, -0.5141 -0.0157 1.1922, -0.5227 0.012 1.1875, -0.5227 -0.012 1.1875, -0.5372 0.0066 1.1831, -0.5373 0.0033 1.1835, -0.5234 0.0061 1.1887, -0.5158 0.008 1.1939, -0.5126 0.0093 1.1976, -0.5115 0.01 1.1997, -0.5374 0.0 1.1836, -0.5236 0.0 1.1891, -0.5164 0.0 1.1945, -0.5136 0.0 1.1982, -0.5372 -0.0066 1.1831, -0.5126 -0.0093 1.1976, -0.5158 -0.008 1.1939, -0.5234 -0.0061 1.1887, -0.5373 -0.0033 1.1835
            ]
        }
        coordIndex [
            0,1,2,-1,2,1,3,-1,2,3,4,-1,4,3,5,-1,4,5,6,-1,5,7,6,-1,6,7,8,-1,6,8,9,-1,9,8,10,-1,9,10,11,-1,10,12,11,-1,11,12,13,-1,11,13,14,-1,14,13,15,-1,14,15,16,-1,16,15,17,-1,16,17,18,-1,18,17,19,-1,18,19,20,-1,20,19,21,-1,20,21,22,-1,21,23,22,-1,22,23,24,-1,22,24,25,-1,25,24,26,-1,25,26,27,-1,27,26,28,-1,27,28,29,-1,29,28,30,-1,29,30,31,-1,31,30,32,-1,31,32,33,-1,33,32,34,-1,33,34,35,-1,35,34,36,-1,35,36,37,-1,37,36,38,-1,37,38,39,-1,39,38,40,-1,39,40,41,-1,41,40,42,-1,41,42,43,-1,43,42,44,-1,43,44,45,-1,45,44,46,-1,45,46,47,-1,47,46,48,-1,47,48,49,-1,49,48,50,-1,49,50,0,-1,0,50,51,-1,0,51,1,-1,52,53,54,-1,54,53,55,-1,54,55,56,-1,57,58,54,-1,54,58,59,-1,54,59,52,-1,60,61,54,-1,54,61,62,-1,54,62,57,-1,63,64,54,-1,54,64,65,-1,54,65,60,-1,66,67,54,-1,54,67,68,-1,54,68,63,-1,69,70,54,-1,54,70,71,-1,54,71,66,-1,72,73,54,-1,54,73,74,-1,54,74,69,-1,56,75,54,-1,54,75,76,-1,54,76,72,-1,77,78,79,-1,79,78,80,-1,79,80,81,-1,81,80,82,-1,81,82,83,-1,83,82,84,-1,83,84,85,-1,85,84,86,-1,85,86,87,-1,87,86,88,-1,87,88,89,-1,89,88,90,-1,89,90,91,-1,91,90,92,-1,91,92,93,-1,93,92,94,-1,93,94,95,-1,95,94,96,-1,95,96,97,-1,97,96,98,-1,97,98,99,-1,99,98,100,-1,99,100,101,-1,101,100,102,-1,101,102,103,-1,103,102,104,-1,103,104,105,-1,105,104,106,-1,105,106,107,-1,107,106,108,-1,107,108,109,-1,109,108,110,-1,109,110,111,-1,111,110,112,-1,111,112,113,-1,113,112,114,-1,113,114,115,-1,115,114,116,-1,115,116,117,-1,117,116,118,-1,117,118,119,-1,119,118,120,-1,119,120,121,-1,121,120,122,-1,121,122,123,-1,123,122,124,-1,123,124,77,-1,77,124,78,-1,125,126,127,-1,127,126,128,-1,127,128,129,-1,130,131,127,-1,127,131,132,-1,127,132,125,-1,133,134,127,-1,127,134,135,-1,127,135,130,-1,136,137,127,-1,127,137,138,-1,127,138,133,-1,139,140,127,-1,127,140,141,-1,127,141,136,-1,142,143,127,-1,127,143,144,-1,127,144,139,-1,145,146,127,-1,127,146,147,-1,127,147,142,-1,129,148,127,-1,127,148,149,-1,127,149,145,-1,41,67,39,-1,39,67,66,-1,39,66,37,-1,37,66,71,-1,37,71,35,-1,35,71,70,-1,35,70,33,-1,33,70,69,-1,33,69,31,-1,31,69,74,-1,31,74,29,-1,29,74,73,-1,29,73,27,-1,27,73,72,-1,27,72,25,-1,25,72,76,-1,25,76,22,-1,22,76,75,-1,22,75,20,-1,20,75,56,-1,20,56,18,-1,18,56,55,-1,18,55,16,-1,16,55,53,-1,16,53,14,-1,14,53,52,-1,14,52,11,-1,11,52,59,-1,11,59,9,-1,9,59,58,-1,9,58,6,-1,6,58,57,-1,6,57,4,-1,4,57,62,-1,4,62,2,-1,2,62,61,-1,2,61,0,-1,0,61,60,-1,0,60,49,-1,49,60,65,-1,49,65,47,-1,47,65,64,-1,47,64,45,-1,45,64,63,-1,45,63,43,-1,43,63,68,-1,43,68,41,-1,41,68,67,-1,124,140,78,-1,78,140,139,-1,78,139,80,-1,80,139,144,-1,80,144,82,-1,82,144,143,-1,82,143,84,-1,84,143,142,-1,84,142,86,-1,86,142,147,-1,86,147,88,-1,88,147,146,-1,88,146,90,-1,90,146,145,-1,90,145,92,-1,92,145,149,-1,92,149,94,-1,94,149,148,-1,94,148,96,-1,96,148,129,-1,96,129,98,-1,98,129,128,-1,98,128,100,-1,100,128,126,-1,100,126,102,-1,102,126,125,-1,102,125,104,-1,104,125,132,-1,104,132,106,-1,106,132,131,-1,106,131,108,-1,108,131,130,-1,108,130,110,-1,110,130,135,-1,110,135,112,-1,112,135,134,-1,112,134,114,-1,114,134,133,-1,114,133,116,-1,116,133,138,-1,116,138,118,-1,118,138,137,-1,118,137,120,-1,120,137,136,-1,120,136,122,-1,122,136,141,-1,122,141,124,-1,124,141,140,-1,150,151,152,-1,152,151,153,-1,152,153,154,-1,153,155,154,-1,154,155,156,-1,154,156,157,-1,157,156,158,-1,157,158,159,-1,159,158,160,-1,159,160,161,-1,161,160,162,-1,161,162,163,-1,163,162,164,-1,163,164,165,-1,164,166,165,-1,165,166,167,-1,165,167,168,-1,168,167,169,-1,168,169,170,-1,170,169,171,-1,170,171,172,-1,172,171,173,-1,172,173,174,-1,174,173,175,-1,174,175,176,-1,176,175,177,-1,176,177,178,-1,177,179,178,-1,178,179,180,-1,178,180,181,-1,181,180,182,-1,181,182,183,-1,183,182,184,-1,183,184,185,-1,185,184,186,-1,185,186,187,-1,187,186,188,-1,187,188,189,-1,189,188,190,-1,189,190,191,-1,191,190,192,-1,191,192,193,-1,192,194,193,-1,193,194,195,-1,193,195,196,-1,195,197,196,-1,196,197,198,-1,196,198,199,-1,199,198,200,-1,199,200,201,-1,201,200,202,-1,201,202,150,-1,150,202,203,-1,150,203,151,-1,196,199,204,-1,204,199,201,-1,204,201,150,-1,189,191,204,-1,204,191,193,-1,204,193,196,-1,183,185,204,-1,204,185,187,-1,204,187,189,-1,176,178,204,-1,204,178,181,-1,204,181,183,-1,170,172,204,-1,204,172,174,-1,204,174,176,-1,163,165,204,-1,204,165,168,-1,204,168,170,-1,157,159,204,-1,204,159,161,-1,204,161,163,-1,150,152,204,-1,204,152,154,-1,204,154,157,-1,205,206,207,-1,207,206,208,-1,207,208,209,-1,209,208,210,-1,209,210,211,-1,211,210,212,-1,211,212,213,-1,213,212,214,-1,213,214,215,-1,215,214,216,-1,215,216,217,-1,217,216,218,-1,217,218,219,-1,219,218,220,-1,219,220,221,-1,221,220,222,-1,221,222,223,-1,223,222,224,-1,223,224,225,-1,225,224,226,-1,225,226,227,-1,227,226,228,-1,227,228,229,-1,229,228,230,-1,229,230,231,-1,231,230,232,-1,231,232,233,-1,233,232,234,-1,233,234,235,-1,234,236,235,-1,235,236,237,-1,235,237,238,-1,238,237,239,-1,238,239,240,-1,240,239,241,-1,240,241,242,-1,241,243,242,-1,242,243,244,-1,242,244,245,-1,245,244,246,-1,245,246,247,-1,247,246,248,-1,247,248,249,-1,248,250,249,-1,249,250,251,-1,249,251,252,-1,252,251,253,-1,252,253,254,-1,254,253,255,-1,254,255,205,-1,205,255,256,-1,205,256,206,-1,223,225,257,-1,257,225,227,-1,257,227,229,-1,217,219,257,-1,257,219,221,-1,257,221,223,-1,211,213,257,-1,257,213,215,-1,257,215,217,-1,205,207,257,-1,257,207,209,-1,257,209,211,-1,249,252,257,-1,257,252,254,-1,257,254,205,-1,242,245,257,-1,257,245,247,-1,257,247,249,-1,235,238,257,-1,257,238,240,-1,257,240,242,-1,229,231,257,-1,257,231,233,-1,257,233,235,-1,258,259,260,-1,260,259,261,-1,260,261,262,-1,262,261,263,-1,262,263,264,-1,263,265,264,-1,264,265,266,-1,264,266,267,-1,267,266,268,-1,267,268,269,-1,269,268,270,-1,269,270,271,-1,271,270,272,-1,271,272,273,-1,273,272,274,-1,273,274,275,-1,275,274,276,-1,275,276,277,-1,277,276,278,-1,277,278,279,-1,279,278,280,-1,279,280,281,-1,281,280,282,-1,281,282,283,-1,283,282,284,-1,283,284,285,-1,285,284,286,-1,285,286,287,-1,287,286,288,-1,287,288,289,-1,289,288,290,-1,289,290,291,-1,291,290,292,-1,291,292,293,-1,293,292,294,-1,293,294,295,-1,295,294,296,-1,295,296,297,-1,297,296,298,-1,297,298,299,-1,299,298,300,-1,299,300,301,-1,301,300,302,-1,301,302,303,-1,303,302,304,-1,303,304,305,-1,305,304,306,-1,305,306,258,-1,258,306,307,-1,258,307,259,-1,271,273,308,-1,308,273,275,-1,308,275,277,-1,264,267,308,-1,308,267,269,-1,308,269,271,-1,258,260,308,-1,308,260,262,-1,308,262,264,-1,301,303,308,-1,308,303,305,-1,308,305,258,-1,295,297,308,-1,308,297,299,-1,308,299,301,-1,289,291,308,-1,308,291,293,-1,308,293,295,-1,283,285,308,-1,308,285,287,-1,308,287,289,-1,277,279,308,-1,308,279,281,-1,308,281,283,-1,309,310,311,-1,311,310,312,-1,311,312,313,-1,313,312,314,-1,313,314,315,-1,315,314,316,-1,315,316,317,-1,317,316,318,-1,317,318,319,-1,319,318,320,-1,319,320,321,-1,321,320,322,-1,321,322,323,-1,323,322,324,-1,323,324,325,-1,325,324,326,-1,325,326,327,-1,327,326,328,-1,327,328,329,-1,329,328,330,-1,329,330,331,-1,331,330,332,-1,331,332,333,-1,333,332,334,-1,333,334,335,-1,335,334,336,-1,335,336,337,-1,337,336,338,-1,337,338,339,-1,339,338,340,-1,339,340,341,-1,341,340,342,-1,341,342,343,-1,343,342,344,-1,343,344,345,-1,345,344,346,-1,345,346,347,-1,347,346,348,-1,347,348,349,-1,349,348,350,-1,349,350,351,-1,351,350,352,-1,351,352,353,-1,353,352,354,-1,353,354,355,-1,355,354,356,-1,355,356,309,-1,309,356,310,-1,329,331,357,-1,357,331,333,-1,357,333,335,-1,323,325,357,-1,357,325,327,-1,357,327,329,-1,317,319,357,-1,357,319,321,-1,357,321,323,-1,311,313,357,-1,357,313,315,-1,357,315,317,-1,353,355,357,-1,357,355,309,-1,357,309,311,-1,347,349,357,-1,357,349,351,-1,357,351,353,-1,341,343,357,-1,357,343,345,-1,357,345,347,-1,335,337,357,-1,357,337,339,-1,357,339,341,-1,358,359,360,-1,360,359,361,-1,360,361,362,-1,362,361,363,-1,362,363,364,-1,364,363,365,-1,364,365,366,-1,366,365,367,-1,366,367,368,-1,368,367,369,-1,368,369,370,-1,370,369,371,-1,370,371,372,-1,372,371,373,-1,372,373,374,-1,374,373,375,-1,374,375,376,-1,376,375,377,-1,376,377,378,-1,378,377,379,-1,378,379,380,-1,380,379,381,-1,380,381,382,-1,382,381,383,-1,382,383,384,-1,384,383,385,-1,384,385,386,-1,386,385,387,-1,386,387,388,-1,388,387,389,-1,388,389,390,-1,390,389,391,-1,390,391,392,-1,392,391,393,-1,392,393,394,-1,394,393,395,-1,394,395,396,-1,396,395,397,-1,396,397,398,-1,398,397,399,-1,398,399,400,-1,399,401,400,-1,400,401,402,-1,400,402,403,-1,403,402,404,-1,403,404,405,-1,405,404,406,-1,405,406,358,-1,358,406,407,-1,358,407,359,-1,400,403,408,-1,408,403,405,-1,408,405,358,-1,394,396,408,-1,408,396,398,-1,408,398,400,-1,388,390,408,-1,408,390,392,-1,408,392,394,-1,382,384,408,-1,408,384,386,-1,408,386,388,-1,376,378,408,-1,408,378,380,-1,408,380,382,-1,370,372,408,-1,408,372,374,-1,408,374,376,-1,364,366,408,-1,408,366,368,-1,408,368,370,-1,358,360,408,-1,408,360,362,-1,408,362,364,-1,409,410,411,-1,411,410,412,-1,411,412,413,-1,413,412,414,-1,413,414,415,-1,415,414,416,-1,415,416,417,-1,417,416,418,-1,417,418,419,-1,419,418,420,-1,419,420,421,-1,421,420,422,-1,421,422,423,-1,423,422,424,-1,423,424,425,-1,425,424,426,-1,425,426,427,-1,427,426,428,-1,427,428,429,-1,429,428,430,-1,429,430,431,-1,431,430,432,-1,431,432,433,-1,433,432,434,-1,433,434,435,-1,435,434,436,-1,435,436,437,-1,437,436,438,-1,437,438,439,-1,438,440,439,-1,439,440,441,-1,439,441,442,-1,442,441,443,-1,442,443,444,-1,444,443,445,-1,444,445,446,-1,446,445,447,-1,446,447,448,-1,448,447,449,-1,448,449,450,-1,450,449,451,-1,450,451,452,-1,452,451,453,-1,452,453,454,-1,454,453,455,-1,454,455,456,-1,456,455,457,-1,456,457,409,-1,409,457,458,-1,409,458,410,-1,446,448,459,-1,459,448,450,-1,459,450,452,-1,439,442,459,-1,459,442,444,-1,459,444,446,-1,433,435,459,-1,459,435,437,-1,459,437,439,-1,427,429,459,-1,459,429,431,-1,459,431,433,-1,421,423,459,-1,459,423,425,-1,459,425,427,-1,415,417,459,-1,459,417,419,-1,459,419,421,-1,409,411,459,-1,459,411,413,-1,459,413,415,-1,452,454,459,-1,459,454,456,-1,459,456,409,-1,460,461,462,-1,462,461,463,-1,462,463,464,-1,464,463,465,-1,464,465,466,-1,466,465,467,-1,466,467,468,-1,468,467,469,-1,468,469,470,-1,470,469,471,-1,470,471,472,-1,472,471,473,-1,472,473,474,-1,474,473,475,-1,474,475,476,-1,476,475,477,-1,476,477,478,-1,478,477,479,-1,478,479,480,-1,480,479,481,-1,480,481,482,-1,482,481,483,-1,482,483,484,-1,484,483,485,-1,484,485,486,-1,485,487,486,-1,486,487,488,-1,486,488,489,-1,489,488,490,-1,489,490,491,-1,491,490,492,-1,491,492,493,-1,493,492,494,-1,493,494,495,-1,495,494,496,-1,495,496,497,-1,497,496,498,-1,497,498,499,-1,499,498,500,-1,499,500,501,-1,501,500,502,-1,501,502,503,-1,503,502,504,-1,503,504,505,-1,505,504,506,-1,505,506,507,-1,507,506,508,-1,507,508,460,-1,460,508,509,-1,460,509,461,-1,470,472,510,-1,510,472,474,-1,510,474,476,-1,464,466,510,-1,510,466,468,-1,510,468,470,-1,507,460,510,-1,510,460,462,-1,510,462,464,-1,501,503,510,-1,510,503,505,-1,510,505,507,-1,495,497,510,-1,510,497,499,-1,510,499,501,-1,489,491,510,-1,510,491,493,-1,510,493,495,-1,482,484,510,-1,510,484,486,-1,510,486,489,-1,476,478,510,-1,510,478,480,-1,510,480,482,-1,511,512,513,-1,513,512,514,-1,513,514,515,-1,515,514,516,-1,515,516,517,-1,517,516,518,-1,517,518,519,-1,519,518,520,-1,519,520,521,-1,521,520,522,-1,521,522,523,-1,523,522,524,-1,523,524,525,-1,525,524,526,-1,525,526,527,-1,527,526,528,-1,527,528,529,-1,529,528,530,-1,529,530,531,-1,531,530,532,-1,531,532,533,-1,533,532,534,-1,533,534,535,-1,535,534,536,-1,535,536,537,-1,537,536,538,-1,537,538,539,-1,539,538,540,-1,539,540,541,-1,540,542,541,-1,541,542,543,-1,541,543,544,-1,544,543,545,-1,544,545,546,-1,546,545,547,-1,546,547,548,-1,548,547,549,-1,548,549,550,-1,550,549,551,-1,550,551,552,-1,552,551,553,-1,552,553,554,-1,554,553,555,-1,554,555,556,-1,556,555,557,-1,556,557,558,-1,558,557,559,-1,558,559,511,-1,511,559,560,-1,511,560,512,-1,523,525,561,-1,561,525,527,-1,561,527,529,-1,517,519,561,-1,561,519,521,-1,561,521,523,-1,511,513,561,-1,561,513,515,-1,561,515,517,-1,554,556,561,-1,561,556,558,-1,561,558,511,-1,548,550,561,-1,561,550,552,-1,561,552,554,-1,541,544,561,-1,561,544,546,-1,561,546,548,-1,535,537,561,-1,561,537,539,-1,561,539,541,-1,529,531,561,-1,561,531,533,-1,561,533,535,-1,562,563,564,-1,564,563,565,-1,564,565,566,-1,566,565,567,-1,566,567,568,-1,568,567,569,-1,568,569,570,-1,570,569,571,-1,570,571,572,-1,572,571,573,-1,572,573,574,-1,574,573,575,-1,574,575,576,-1,576,575,577,-1,576,577,578,-1,578,577,579,-1,578,579,580,-1,580,579,581,-1,580,581,582,-1,582,581,583,-1,582,583,584,-1,584,583,585,-1,584,585,586,-1,586,585,587,-1,586,587,588,-1,587,589,588,-1,588,589,590,-1,588,590,591,-1,591,590,592,-1,591,592,593,-1,593,592,594,-1,593,594,595,-1,595,594,596,-1,595,596,597,-1,597,596,598,-1,597,598,599,-1,599,598,600,-1,599,600,601,-1,601,600,602,-1,601,602,603,-1,603,602,604,-1,603,604,605,-1,605,604,606,-1,605,606,607,-1,607,606,608,-1,607,608,609,-1,609,608,610,-1,609,610,562,-1,562,610,611,-1,562,611,563,-1,597,599,612,-1,612,599,601,-1,612,601,603,-1,591,593,612,-1,612,593,595,-1,612,595,597,-1,584,586,612,-1,612,586,588,-1,612,588,591,-1,578,580,612,-1,612,580,582,-1,612,582,584,-1,572,574,612,-1,612,574,576,-1,612,576,578,-1,566,568,612,-1,612,568,570,-1,612,570,572,-1,609,562,612,-1,612,562,564,-1,612,564,566,-1,603,605,612,-1,612,605,607,-1,612,607,609,-1,613,614,615,-1,616,617,614,-1,614,617,618,-1,614,618,615,-1,619,620,621,-1,621,620,622,-1,621,622,616,-1,616,622,623,-1,616,623,617,-1,619,621,624,-1,624,621,625,-1,624,625,626,-1,626,625,627,-1,627,625,628,-1,627,628,629,-1,629,628,630,-1,630,628,631,-1,630,631,632,-1,633,634,631,-1,631,634,635,-1,631,635,632,-1,636,637,638,-1,638,637,639,-1,638,639,633,-1,633,639,640,-1,633,640,634,-1,636,638,641,-1,641,638,642,-1,641,642,643,-1,643,642,644,-1,644,642,645,-1,644,645,646,-1,646,645,647,-1,647,645,648,-1,647,648,649,-1,650,651,648,-1,648,651,652,-1,648,652,649,-1,653,654,655,-1,655,654,656,-1,655,656,650,-1,650,656,657,-1,650,657,651,-1,653,655,658,-1,658,655,659,-1,658,659,660,-1,660,659,661,-1,661,659,662,-1,661,662,663,-1,663,662,664,-1,664,662,665,-1,664,665,666,-1,667,668,669,-1,669,668,670,-1,669,670,671,-1,671,670,672,-1,671,672,673,-1,673,672,674,-1,673,674,665,-1,665,674,675,-1,665,675,666,-1,667,669,676,-1,676,669,677,-1,676,677,678,-1,678,677,679,-1,679,677,680,-1,679,680,681,-1,681,680,682,-1,682,680,683,-1,682,683,684,-1,685,686,683,-1,683,686,687,-1,683,687,684,-1,688,689,690,-1,690,689,691,-1,690,691,685,-1,685,691,692,-1,685,692,686,-1,688,690,693,-1,693,690,694,-1,693,694,695,-1,695,694,696,-1,696,694,697,-1,696,697,698,-1,698,697,699,-1,699,697,700,-1,699,700,701,-1,702,703,700,-1,700,703,704,-1,700,704,701,-1,705,706,702,-1,702,706,707,-1,702,707,703,-1,705,702,708,-1,708,702,709,-1,708,709,710,-1,710,709,711,-1,710,711,712,-1,712,711,713,-1,713,711,714,-1,713,714,715,-1,715,714,716,-1,716,714,717,-1,716,717,718,-1,719,720,717,-1,717,720,721,-1,717,721,718,-1,615,722,613,-1,613,722,723,-1,613,723,719,-1,719,723,724,-1,719,724,720,-1,725,726,727,-1,728,729,730,-1,731,732,729,-1,729,732,733,-1,733,734,729,-1,729,734,735,-1,729,735,736,-1,730,737,728,-1,728,737,738,-1,728,738,739,-1,739,738,740,-1,739,740,741,-1,731,729,742,-1,742,729,728,-1,742,728,743,-1,743,728,744,-1,743,744,727,-1,727,744,745,-1,727,745,725,-1,746,747,748,-1,749,750,739,-1,726,751,727,-1,727,751,752,-1,727,752,753,-1,753,754,727,-1,727,754,755,-1,727,755,756,-1,747,757,758,-1,758,759,747,-1,747,759,760,-1,747,760,761,-1,748,762,746,-1,746,762,763,-1,746,763,744,-1,744,763,764,-1,744,764,745,-1,741,765,766,-1,766,765,767,-1,766,767,768,-1,768,767,769,-1,741,766,739,-1,739,766,770,-1,739,770,749,-1,750,771,739,-1,739,771,772,-1,739,772,746,-1,746,772,773,-1,746,773,747,-1,747,773,774,-1,747,774,757,-1,775,776,777,-1,777,776,778,-1,779,780,781,-1,781,780,782,-1,783,784,785,-1,785,784,786,-1,787,788,789,-1,789,788,790,-1,791,792,793,-1,793,792,794,-1,672,670,795,-1,667,676,796,-1,678,679,797,-1,687,686,798,-1,692,691,799,-1,688,693,800,-1,695,696,801,-1,704,703,802,-1,707,706,803,-1,708,710,804,-1,712,713,805,-1,721,720,806,-1,724,723,807,-1,618,617,808,-1,623,622,809,-1,619,624,810,-1,626,627,811,-1,629,630,812,-1,635,634,813,-1,640,639,814,-1,636,641,815,-1,643,644,816,-1,652,651,817,-1,657,656,818,-1,653,658,819,-1,660,661,820,-1,675,674,821,-1,771,750,822,-1,822,750,823,-1,822,823,824,-1,824,823,825,-1,824,825,826,-1,826,825,827,-1,826,827,828,-1,828,827,829,-1,828,829,830,-1,830,829,820,-1,767,765,831,-1,831,765,832,-1,831,832,833,-1,833,832,834,-1,833,834,835,-1,835,834,836,-1,835,836,837,-1,837,836,838,-1,837,838,839,-1,839,838,816,-1,755,754,840,-1,840,754,841,-1,840,841,842,-1,842,841,843,-1,842,843,844,-1,844,843,845,-1,844,845,846,-1,846,845,847,-1,846,847,848,-1,848,847,805,-1,745,764,849,-1,849,764,850,-1,849,850,851,-1,851,850,852,-1,851,852,853,-1,853,852,854,-1,853,854,855,-1,855,854,856,-1,855,856,857,-1,857,856,801,-1,760,759,858,-1,858,759,859,-1,858,859,860,-1,860,859,861,-1,860,861,862,-1,862,861,863,-1,862,863,864,-1,864,863,865,-1,864,865,866,-1,866,865,797,-1,666,675,867,-1,867,675,821,-1,867,821,868,-1,868,821,869,-1,868,869,870,-1,870,869,871,-1,870,871,872,-1,872,871,873,-1,872,873,874,-1,874,873,875,-1,874,875,772,-1,772,875,773,-1,772,771,874,-1,874,771,822,-1,874,822,872,-1,872,822,824,-1,872,824,870,-1,870,824,826,-1,870,826,868,-1,868,826,828,-1,868,828,867,-1,867,828,830,-1,867,830,666,-1,666,830,664,-1,820,661,830,-1,830,661,663,-1,830,663,664,-1,750,749,823,-1,823,749,876,-1,823,876,825,-1,825,876,877,-1,825,877,827,-1,827,877,878,-1,827,878,829,-1,829,878,879,-1,829,879,820,-1,820,879,819,-1,820,819,660,-1,660,819,658,-1,654,653,880,-1,880,653,819,-1,880,819,881,-1,881,819,879,-1,881,879,882,-1,882,879,878,-1,882,878,883,-1,883,878,877,-1,883,877,884,-1,884,877,876,-1,884,876,770,-1,770,876,749,-1,770,766,884,-1,884,766,885,-1,884,885,883,-1,883,885,886,-1,883,886,882,-1,882,886,887,-1,882,887,881,-1,881,887,888,-1,881,888,880,-1,880,888,818,-1,880,818,654,-1,654,818,656,-1,766,768,885,-1,885,768,889,-1,885,889,886,-1,886,889,890,-1,886,890,887,-1,887,890,891,-1,887,891,888,-1,888,891,892,-1,888,892,818,-1,818,892,817,-1,818,817,657,-1,657,817,651,-1,649,652,893,-1,893,652,817,-1,893,817,894,-1,894,817,892,-1,894,892,895,-1,895,892,891,-1,895,891,896,-1,896,891,890,-1,896,890,897,-1,897,890,889,-1,897,889,769,-1,769,889,768,-1,769,767,897,-1,897,767,831,-1,897,831,896,-1,896,831,833,-1,896,833,895,-1,895,833,835,-1,895,835,894,-1,894,835,837,-1,894,837,893,-1,893,837,839,-1,893,839,649,-1,649,839,647,-1,816,644,839,-1,839,644,646,-1,839,646,647,-1,765,741,832,-1,832,741,898,-1,832,898,834,-1,834,898,899,-1,834,899,836,-1,836,899,900,-1,836,900,838,-1,838,900,901,-1,838,901,816,-1,816,901,815,-1,816,815,643,-1,643,815,641,-1,637,636,902,-1,902,636,815,-1,902,815,903,-1,903,815,901,-1,903,901,904,-1,904,901,900,-1,904,900,905,-1,905,900,899,-1,905,899,906,-1,906,899,898,-1,906,898,740,-1,740,898,741,-1,740,738,906,-1,906,738,907,-1,906,907,905,-1,905,907,908,-1,905,908,904,-1,904,908,909,-1,904,909,903,-1,903,909,910,-1,903,910,902,-1,902,910,814,-1,902,814,637,-1,637,814,639,-1,738,737,907,-1,907,737,911,-1,907,911,908,-1,908,911,912,-1,908,912,909,-1,909,912,913,-1,909,913,910,-1,910,913,914,-1,910,914,814,-1,814,914,813,-1,814,813,640,-1,640,813,634,-1,632,635,915,-1,915,635,813,-1,915,813,916,-1,916,813,914,-1,916,914,917,-1,917,914,913,-1,917,913,918,-1,918,913,912,-1,918,912,919,-1,919,912,911,-1,919,911,730,-1,730,911,737,-1,730,729,919,-1,919,729,920,-1,919,920,918,-1,918,920,921,-1,918,921,917,-1,917,921,922,-1,917,922,916,-1,916,922,923,-1,916,923,915,-1,915,923,812,-1,915,812,632,-1,632,812,630,-1,627,629,811,-1,811,629,812,-1,811,812,924,-1,924,812,923,-1,924,923,925,-1,925,923,922,-1,925,922,926,-1,926,922,921,-1,926,921,927,-1,927,921,920,-1,927,920,736,-1,736,920,729,-1,736,735,927,-1,927,735,928,-1,927,928,926,-1,926,928,929,-1,926,929,925,-1,925,929,930,-1,925,930,924,-1,924,930,931,-1,924,931,811,-1,811,931,810,-1,811,810,626,-1,626,810,624,-1,620,619,932,-1,932,619,810,-1,932,810,933,-1,933,810,931,-1,933,931,934,-1,934,931,930,-1,934,930,935,-1,935,930,929,-1,935,929,936,-1,936,929,928,-1,936,928,734,-1,734,928,735,-1,734,733,936,-1,936,733,937,-1,936,937,935,-1,935,937,938,-1,935,938,934,-1,934,938,939,-1,934,939,933,-1,933,939,940,-1,933,940,932,-1,932,940,809,-1,932,809,620,-1,620,809,622,-1,733,732,937,-1,937,732,941,-1,937,941,938,-1,938,941,942,-1,938,942,939,-1,939,942,943,-1,939,943,940,-1,940,943,944,-1,940,944,809,-1,809,944,808,-1,809,808,623,-1,623,808,617,-1,615,618,945,-1,945,618,808,-1,945,808,946,-1,946,808,944,-1,946,944,947,-1,947,944,943,-1,947,943,948,-1,948,943,942,-1,948,942,949,-1,949,942,941,-1,949,941,731,-1,731,941,732,-1,731,742,949,-1,949,742,950,-1,949,950,948,-1,948,950,951,-1,948,951,947,-1,947,951,952,-1,947,952,946,-1,946,952,953,-1,946,953,945,-1,945,953,954,-1,945,954,615,-1,615,954,722,-1,742,743,950,-1,950,743,955,-1,950,955,951,-1,951,955,956,-1,951,956,952,-1,952,956,957,-1,952,957,953,-1,953,957,958,-1,953,958,954,-1,954,958,807,-1,954,807,722,-1,722,807,723,-1,743,727,955,-1,955,727,959,-1,955,959,956,-1,956,959,960,-1,956,960,957,-1,957,960,961,-1,957,961,958,-1,958,961,962,-1,958,962,807,-1,807,962,806,-1,807,806,724,-1,724,806,720,-1,718,721,963,-1,963,721,806,-1,963,806,964,-1,964,806,962,-1,964,962,965,-1,965,962,961,-1,965,961,966,-1,966,961,960,-1,966,960,967,-1,967,960,959,-1,967,959,756,-1,756,959,727,-1,756,755,967,-1,967,755,840,-1,967,840,966,-1,966,840,842,-1,966,842,965,-1,965,842,844,-1,965,844,964,-1,964,844,846,-1,964,846,963,-1,963,846,848,-1,963,848,718,-1,718,848,716,-1,805,713,848,-1,848,713,715,-1,848,715,716,-1,710,712,804,-1,804,712,805,-1,804,805,968,-1,968,805,847,-1,968,847,969,-1,969,847,845,-1,969,845,970,-1,970,845,843,-1,970,843,971,-1,971,843,841,-1,971,841,753,-1,753,841,754,-1,705,708,972,-1,972,708,804,-1,972,804,973,-1,973,804,968,-1,973,968,974,-1,974,968,969,-1,974,969,975,-1,975,969,970,-1,975,970,976,-1,976,970,971,-1,976,971,752,-1,752,971,753,-1,752,751,976,-1,976,751,977,-1,976,977,975,-1,975,977,978,-1,975,978,974,-1,974,978,979,-1,974,979,973,-1,973,979,980,-1,973,980,972,-1,972,980,803,-1,972,803,705,-1,705,803,706,-1,751,726,977,-1,977,726,981,-1,977,981,978,-1,978,981,982,-1,978,982,979,-1,979,982,983,-1,979,983,980,-1,980,983,984,-1,980,984,803,-1,803,984,802,-1,803,802,707,-1,707,802,703,-1,701,704,985,-1,985,704,802,-1,985,802,986,-1,986,802,984,-1,986,984,987,-1,987,984,983,-1,987,983,988,-1,988,983,982,-1,988,982,989,-1,989,982,981,-1,989,981,725,-1,725,981,726,-1,725,745,989,-1,989,745,849,-1,989,849,988,-1,988,849,851,-1,988,851,987,-1,987,851,853,-1,987,853,986,-1,986,853,855,-1,986,855,985,-1,985,855,857,-1,985,857,701,-1,701,857,699,-1,801,696,857,-1,857,696,698,-1,857,698,699,-1,693,695,800,-1,800,695,801,-1,800,801,990,-1,990,801,856,-1,990,856,991,-1,991,856,854,-1,991,854,992,-1,992,854,852,-1,992,852,993,-1,993,852,850,-1,993,850,763,-1,763,850,764,-1,689,688,994,-1,994,688,800,-1,994,800,995,-1,995,800,990,-1,995,990,996,-1,996,990,991,-1,996,991,997,-1,997,991,992,-1,997,992,998,-1,998,992,993,-1,998,993,762,-1,762,993,763,-1,762,748,998,-1,998,748,999,-1,998,999,997,-1,997,999,1000,-1,997,1000,996,-1,996,1000,1001,-1,996,1001,995,-1,995,1001,1002,-1,995,1002,994,-1,994,1002,799,-1,994,799,689,-1,689,799,691,-1,748,747,999,-1,999,747,1003,-1,999,1003,1000,-1,1000,1003,1004,-1,1000,1004,1001,-1,1001,1004,1005,-1,1001,1005,1002,-1,1002,1005,1006,-1,1002,1006,799,-1,799,1006,798,-1,799,798,692,-1,692,798,686,-1,684,687,1007,-1,1007,687,798,-1,1007,798,1008,-1,1008,798,1006,-1,1008,1006,1009,-1,1009,1006,1005,-1,1009,1005,1010,-1,1010,1005,1004,-1,1010,1004,1011,-1,1011,1004,1003,-1,1011,1003,761,-1,761,1003,747,-1,761,760,1011,-1,1011,760,858,-1,1011,858,1010,-1,1010,858,860,-1,1010,860,1009,-1,1009,860,862,-1,1009,862,1008,-1,1008,862,864,-1,1008,864,1007,-1,1007,864,866,-1,1007,866,684,-1,684,866,682,-1,797,679,866,-1,866,679,681,-1,866,681,682,-1,676,678,796,-1,796,678,797,-1,796,797,1012,-1,1012,797,865,-1,1012,865,1013,-1,1013,865,863,-1,1013,863,1014,-1,1014,863,861,-1,1014,861,1015,-1,1015,861,859,-1,1015,859,758,-1,758,859,759,-1,668,667,1016,-1,1016,667,796,-1,1016,796,1017,-1,1017,796,1012,-1,1017,1012,1018,-1,1018,1012,1013,-1,1018,1013,1019,-1,1019,1013,1014,-1,1019,1014,1020,-1,1020,1014,1015,-1,1020,1015,757,-1,757,1015,758,-1,757,774,1020,-1,1020,774,1021,-1,1020,1021,1019,-1,1019,1021,1022,-1,1019,1022,1018,-1,1018,1022,1023,-1,1018,1023,1017,-1,1017,1023,1024,-1,1017,1024,1016,-1,1016,1024,795,-1,1016,795,668,-1,668,795,670,-1,774,773,1021,-1,1021,773,875,-1,1021,875,1022,-1,1022,875,873,-1,1022,873,1023,-1,1023,873,871,-1,1023,871,1024,-1,1024,871,869,-1,1024,869,795,-1,795,869,821,-1,795,821,672,-1,672,821,674,-1,1025,1026,1027,-1,1028,1029,1030,-1,746,1031,739,-1,739,1031,1032,-1,1030,1029,1033,-1,1033,1029,1031,-1,1031,1029,1034,-1,1031,1034,1032,-1,1028,1030,1035,-1,1035,1030,1036,-1,1035,1036,1037,-1,1027,1026,1038,-1,1038,1026,1037,-1,1037,1026,1039,-1,1037,1039,1035,-1,1025,1027,1040,-1,1040,1027,1041,-1,1040,1041,1042,-1,1043,789,790,-1,1043,790,1042,-1,1042,790,1044,-1,1042,1044,1040,-1,1045,1046,1047,-1,1048,1049,1050,-1,1051,1052,1053,-1,744,1054,746,-1,746,1054,1055,-1,1053,1052,1056,-1,1056,1052,1054,-1,1054,1052,1057,-1,1054,1057,1055,-1,1051,1053,1058,-1,1058,1053,1059,-1,1058,1059,1060,-1,1050,1049,1061,-1,1061,1049,1060,-1,1060,1049,1062,-1,1060,1062,1058,-1,1048,1050,1046,-1,1046,1050,1063,-1,1046,1063,1047,-1,1045,1047,778,-1,778,1047,1064,-1,778,1064,777,-1,1065,784,783,-1,1065,783,1066,-1,783,1067,1066,-1,1066,1067,1068,-1,1066,1068,1069,-1,1069,1068,1070,-1,1068,1071,1070,-1,1070,1071,1072,-1,1070,1072,1073,-1,1073,1072,1074,-1,1072,1075,1074,-1,1074,1075,1076,-1,1074,1076,1077,-1,1077,1076,1078,-1,1079,1080,1081,-1,1076,1082,1078,-1,1078,1082,1079,-1,1078,1079,1083,-1,1083,1079,1081,-1,1080,1084,1081,-1,1081,1084,728,-1,1081,728,739,-1,1085,1086,1087,-1,1088,1089,1090,-1,728,1091,744,-1,744,1091,1092,-1,1093,1094,1095,-1,1093,1095,1091,-1,1091,1095,1096,-1,1091,1096,1092,-1,1090,1089,1097,-1,1097,1089,1094,-1,1094,1089,1098,-1,1094,1098,1095,-1,1088,1090,1086,-1,1086,1090,1099,-1,1086,1099,1087,-1,1085,1087,1100,-1,1100,1087,1101,-1,1100,1101,1102,-1,1103,781,782,-1,1103,782,1102,-1,1102,782,1104,-1,1102,1104,1100,-1,1105,789,1043,-1,1106,1107,1108,-1,1109,1106,1110,-1,1045,778,1111,-1,1111,778,1109,-1,1105,1043,1112,-1,1112,1043,1042,-1,1112,1042,1113,-1,1045,1111,1046,-1,1046,1111,1114,-1,1046,1114,1048,-1,1042,1041,1113,-1,1113,1041,1027,-1,1113,1027,1115,-1,1048,1114,1049,-1,1049,1114,1116,-1,1049,1116,1062,-1,1027,1038,1115,-1,1115,1038,1037,-1,1115,1037,1117,-1,1062,1116,1058,-1,1058,1116,1118,-1,1058,1118,1051,-1,1033,1119,1030,-1,1030,1119,1117,-1,1030,1117,1036,-1,1036,1117,1037,-1,746,1120,1119,-1,1119,1120,1121,-1,1119,1121,1117,-1,1117,1121,1122,-1,1117,1122,1115,-1,1115,1122,1123,-1,1115,1123,1113,-1,1113,1123,1124,-1,1113,1124,1112,-1,1112,1124,1125,-1,1112,1125,1105,-1,746,1126,1120,-1,1120,1126,1127,-1,1120,1127,1121,-1,1121,1127,1128,-1,1121,1128,1122,-1,1122,1128,1129,-1,1122,1129,1123,-1,1123,1129,1108,-1,1123,1108,1124,-1,1124,1108,1107,-1,1124,1107,1125,-1,1033,1031,1119,-1,1119,1031,746,-1,746,1055,1130,-1,1130,1055,1057,-1,1130,1057,1118,-1,1118,1057,1052,-1,1118,1052,1051,-1,1109,1110,1111,-1,1111,1110,1131,-1,1111,1131,1114,-1,1114,1131,1132,-1,1114,1132,1116,-1,1116,1132,1133,-1,1116,1133,1118,-1,1118,1133,1134,-1,1118,1134,1130,-1,1130,1134,746,-1,1106,1108,1110,-1,1110,1108,1129,-1,1110,1129,1131,-1,1131,1129,1128,-1,1131,1128,1132,-1,1132,1128,1127,-1,1132,1127,1133,-1,1133,1127,1126,-1,1133,1126,1134,-1,1134,1126,746,-1,787,789,1105,-1,787,1105,1135,-1,1135,1105,1125,-1,1135,1125,1136,-1,1136,1125,1107,-1,1136,1107,1137,-1,1137,1107,1106,-1,1137,1106,1138,-1,1138,1106,1109,-1,1138,1109,1139,-1,1139,1109,778,-1,1139,778,776,-1,1140,777,1064,-1,1141,1142,1143,-1,1144,1141,1145,-1,1104,782,1146,-1,1146,782,1144,-1,1140,1064,1147,-1,1147,1064,1047,-1,1147,1047,1148,-1,1104,1146,1100,-1,1100,1146,1149,-1,1100,1149,1085,-1,1047,1063,1148,-1,1148,1063,1050,-1,1148,1050,1150,-1,1085,1149,1086,-1,1086,1149,1151,-1,1086,1151,1088,-1,1050,1061,1150,-1,1150,1061,1060,-1,1150,1060,1152,-1,1088,1151,1089,-1,1089,1151,1153,-1,1089,1153,1098,-1,1056,1154,1053,-1,1053,1154,1152,-1,1053,1152,1059,-1,1059,1152,1060,-1,744,1155,1154,-1,1154,1155,1156,-1,1154,1156,1152,-1,1152,1156,1157,-1,1152,1157,1150,-1,1150,1157,1158,-1,1150,1158,1148,-1,1148,1158,1159,-1,1148,1159,1147,-1,1147,1159,1160,-1,1147,1160,1140,-1,744,1161,1155,-1,1155,1161,1162,-1,1155,1162,1156,-1,1156,1162,1163,-1,1156,1163,1157,-1,1157,1163,1164,-1,1157,1164,1158,-1,1158,1164,1143,-1,1158,1143,1159,-1,1159,1143,1142,-1,1159,1142,1160,-1,1056,1054,1154,-1,1154,1054,744,-1,744,1092,1165,-1,1165,1092,1096,-1,1165,1096,1153,-1,1153,1096,1095,-1,1153,1095,1098,-1,1144,1145,1146,-1,1146,1145,1166,-1,1146,1166,1149,-1,1149,1166,1167,-1,1149,1167,1151,-1,1151,1167,1168,-1,1151,1168,1153,-1,1153,1168,1169,-1,1153,1169,1165,-1,1165,1169,744,-1,1141,1143,1145,-1,1145,1143,1164,-1,1145,1164,1166,-1,1166,1164,1163,-1,1166,1163,1167,-1,1167,1163,1162,-1,1167,1162,1168,-1,1168,1162,1161,-1,1168,1161,1169,-1,1169,1161,744,-1,776,1170,1171,-1,1172,1173,1174,-1,792,1175,1176,-1,1174,1173,792,-1,1177,792,1173,-1,1177,1173,1178,-1,1178,1173,1172,-1,1178,1172,1179,-1,1180,792,1177,-1,1181,1182,1183,-1,1183,1182,1176,-1,1183,1176,1184,-1,1184,1176,1175,-1,1184,1175,1185,-1,1180,1177,1186,-1,1186,1177,1178,-1,1186,1178,1187,-1,1187,1178,1179,-1,1187,1179,1188,-1,1189,1181,1190,-1,1190,1181,1183,-1,1190,1183,1191,-1,1191,1183,1184,-1,1191,1184,1192,-1,1192,1184,1185,-1,1192,1185,1193,-1,1194,1189,1195,-1,1195,1189,1190,-1,1195,1190,1196,-1,1196,1190,1191,-1,1196,1191,1197,-1,1197,1191,1192,-1,1197,1192,1198,-1,1198,1192,1193,-1,1198,1193,1199,-1,1170,1194,1171,-1,1171,1194,1195,-1,1171,1195,1200,-1,1200,1195,1196,-1,1200,1196,1201,-1,1201,1196,1197,-1,1201,1197,1202,-1,1202,1197,1198,-1,1202,1198,1203,-1,1203,1198,1199,-1,1203,1199,1204,-1,776,1171,1139,-1,1139,1171,1200,-1,1139,1200,1138,-1,1138,1200,1201,-1,1138,1201,1137,-1,1137,1201,1202,-1,1137,1202,1136,-1,1136,1202,1203,-1,1136,1203,1135,-1,1135,1203,1204,-1,1135,1204,787,-1,1182,792,1176,-1,1170,1188,1194,-1,1194,1188,1179,-1,1194,1179,1189,-1,1189,1179,1172,-1,1189,1172,1181,-1,1181,1172,1174,-1,1181,1174,1182,-1,1182,1174,792,-1,1205,784,1065,-1,1206,1207,1208,-1,1209,1206,1210,-1,1044,790,1211,-1,1211,790,1209,-1,1205,1065,1212,-1,1212,1065,1066,-1,1212,1066,1213,-1,1044,1211,1040,-1,1040,1211,1214,-1,1040,1214,1025,-1,1066,1069,1213,-1,1213,1069,1070,-1,1213,1070,1215,-1,1025,1214,1026,-1,1026,1214,1216,-1,1026,1216,1039,-1,1070,1073,1215,-1,1215,1073,1074,-1,1215,1074,1217,-1,1039,1216,1035,-1,1035,1216,1218,-1,1035,1218,1028,-1,1083,1219,1078,-1,1078,1219,1217,-1,1078,1217,1077,-1,1077,1217,1074,-1,739,1220,1219,-1,1219,1220,1221,-1,1219,1221,1217,-1,1217,1221,1222,-1,1217,1222,1215,-1,1215,1222,1223,-1,1215,1223,1213,-1,1213,1223,1224,-1,1213,1224,1212,-1,1212,1224,1225,-1,1212,1225,1205,-1,739,1226,1220,-1,1220,1226,1227,-1,1220,1227,1221,-1,1221,1227,1228,-1,1221,1228,1222,-1,1222,1228,1229,-1,1222,1229,1223,-1,1223,1229,1208,-1,1223,1208,1224,-1,1224,1208,1207,-1,1224,1207,1225,-1,1083,1081,1219,-1,1219,1081,739,-1,739,1032,1230,-1,1230,1032,1034,-1,1230,1034,1218,-1,1218,1034,1029,-1,1218,1029,1028,-1,1209,1210,1211,-1,1211,1210,1231,-1,1211,1231,1214,-1,1214,1231,1232,-1,1214,1232,1216,-1,1216,1232,1233,-1,1216,1233,1218,-1,1218,1233,1234,-1,1218,1234,1230,-1,1230,1234,739,-1,1206,1208,1210,-1,1210,1208,1229,-1,1210,1229,1231,-1,1231,1229,1228,-1,1231,1228,1232,-1,1232,1228,1227,-1,1232,1227,1233,-1,1233,1227,1226,-1,1233,1226,1234,-1,1234,1226,739,-1,775,777,1140,-1,775,1140,1235,-1,1235,1140,1160,-1,1235,1160,1236,-1,1236,1160,1142,-1,1236,1142,1237,-1,1237,1142,1141,-1,1237,1141,1238,-1,1238,1141,1144,-1,1238,1144,1239,-1,1239,1144,782,-1,1239,782,780,-1,794,792,1180,-1,794,1180,1240,-1,1240,1180,1186,-1,1240,1186,1241,-1,1241,1186,1187,-1,1241,1187,1242,-1,1242,1187,1188,-1,1242,1188,1243,-1,1243,1188,1170,-1,1243,1170,1244,-1,1244,1170,776,-1,1244,776,775,-1,792,791,1245,-1,792,1245,1175,-1,1175,1245,1246,-1,1175,1246,1185,-1,1185,1246,1247,-1,1185,1247,1193,-1,1193,1247,1248,-1,1193,1248,1199,-1,1199,1248,1249,-1,1199,1249,1204,-1,1204,1249,788,-1,1204,788,787,-1,786,784,1205,-1,786,1205,1250,-1,1250,1205,1225,-1,1250,1225,1251,-1,1251,1225,1207,-1,1251,1207,1252,-1,1252,1207,1206,-1,1252,1206,1253,-1,1253,1206,1209,-1,1253,1209,1254,-1,1254,1209,790,-1,1254,790,788,-1,780,1255,1256,-1,1257,1258,1259,-1,794,1240,1260,-1,1259,1258,794,-1,1261,794,1258,-1,1261,1258,1262,-1,1262,1258,1257,-1,1262,1257,1263,-1,1264,794,1261,-1,1265,1266,1267,-1,1267,1266,1260,-1,1267,1260,1268,-1,1268,1260,1240,-1,1268,1240,1241,-1,1264,1261,1269,-1,1269,1261,1262,-1,1269,1262,1270,-1,1270,1262,1263,-1,1270,1263,1271,-1,1272,1265,1273,-1,1273,1265,1267,-1,1273,1267,1274,-1,1274,1267,1268,-1,1274,1268,1275,-1,1275,1268,1241,-1,1275,1241,1242,-1,1276,1272,1277,-1,1277,1272,1273,-1,1277,1273,1278,-1,1278,1273,1274,-1,1278,1274,1279,-1,1279,1274,1275,-1,1279,1275,1280,-1,1280,1275,1242,-1,1280,1242,1243,-1,1255,1276,1256,-1,1256,1276,1277,-1,1256,1277,1281,-1,1281,1277,1278,-1,1281,1278,1282,-1,1282,1278,1279,-1,1282,1279,1283,-1,1283,1279,1280,-1,1283,1280,1284,-1,1284,1280,1243,-1,1284,1243,1244,-1,780,1256,1239,-1,1239,1256,1281,-1,1239,1281,1238,-1,1238,1281,1282,-1,1238,1282,1237,-1,1237,1282,1283,-1,1237,1283,1236,-1,1236,1283,1284,-1,1236,1284,1235,-1,1235,1284,1244,-1,1235,1244,775,-1,1266,794,1260,-1,1255,1271,1276,-1,1276,1271,1263,-1,1276,1263,1272,-1,1272,1263,1257,-1,1272,1257,1265,-1,1265,1257,1259,-1,1265,1259,1266,-1,1266,1259,794,-1,788,1249,1285,-1,1286,1287,1288,-1,791,1289,1290,-1,1288,1287,791,-1,1291,791,1287,-1,1291,1287,1292,-1,1292,1287,1286,-1,1292,1286,1293,-1,1245,791,1291,-1,1294,1295,1296,-1,1296,1295,1290,-1,1296,1290,1297,-1,1297,1290,1289,-1,1297,1289,1298,-1,1245,1291,1246,-1,1246,1291,1292,-1,1246,1292,1247,-1,1247,1292,1293,-1,1247,1293,1248,-1,1299,1294,1300,-1,1300,1294,1296,-1,1300,1296,1301,-1,1301,1296,1297,-1,1301,1297,1302,-1,1302,1297,1298,-1,1302,1298,1303,-1,1304,1299,1305,-1,1305,1299,1300,-1,1305,1300,1306,-1,1306,1300,1301,-1,1306,1301,1307,-1,1307,1301,1302,-1,1307,1302,1308,-1,1308,1302,1303,-1,1308,1303,1309,-1,1249,1304,1285,-1,1285,1304,1305,-1,1285,1305,1310,-1,1310,1305,1306,-1,1310,1306,1311,-1,1311,1306,1307,-1,1311,1307,1312,-1,1312,1307,1308,-1,1312,1308,1313,-1,1313,1308,1309,-1,1313,1309,1314,-1,788,1285,1254,-1,1254,1285,1310,-1,1254,1310,1253,-1,1253,1310,1311,-1,1253,1311,1252,-1,1252,1311,1312,-1,1252,1312,1251,-1,1251,1312,1313,-1,1251,1313,1250,-1,1250,1313,1314,-1,1250,1314,786,-1,1295,791,1290,-1,1249,1248,1304,-1,1304,1248,1293,-1,1304,1293,1299,-1,1299,1293,1286,-1,1299,1286,1294,-1,1294,1286,1288,-1,1294,1288,1295,-1,1295,1288,791,-1,793,794,1264,-1,793,1264,1315,-1,1315,1264,1269,-1,1315,1269,1316,-1,1316,1269,1270,-1,1316,1270,1317,-1,1317,1270,1271,-1,1317,1271,1318,-1,1318,1271,1255,-1,1318,1255,1319,-1,1319,1255,780,-1,1319,780,779,-1,791,793,1320,-1,791,1320,1289,-1,1289,1320,1321,-1,1289,1321,1298,-1,1298,1321,1322,-1,1298,1322,1303,-1,1303,1322,1323,-1,1303,1323,1309,-1,1309,1323,1324,-1,1309,1324,1314,-1,1314,1324,785,-1,1314,785,786,-1,785,1324,1325,-1,1326,1327,1328,-1,793,1315,1329,-1,1328,1327,793,-1,1330,793,1327,-1,1330,1327,1331,-1,1331,1327,1326,-1,1331,1326,1332,-1,1320,793,1330,-1,1333,1334,1335,-1,1335,1334,1329,-1,1335,1329,1336,-1,1336,1329,1315,-1,1336,1315,1316,-1,1320,1330,1321,-1,1321,1330,1331,-1,1321,1331,1322,-1,1322,1331,1332,-1,1322,1332,1323,-1,1337,1333,1338,-1,1338,1333,1335,-1,1338,1335,1339,-1,1339,1335,1336,-1,1339,1336,1340,-1,1340,1336,1316,-1,1340,1316,1317,-1,1341,1337,1342,-1,1342,1337,1338,-1,1342,1338,1343,-1,1343,1338,1339,-1,1343,1339,1344,-1,1344,1339,1340,-1,1344,1340,1345,-1,1345,1340,1317,-1,1345,1317,1318,-1,1324,1341,1325,-1,1325,1341,1342,-1,1325,1342,1346,-1,1346,1342,1343,-1,1346,1343,1347,-1,1347,1343,1344,-1,1347,1344,1348,-1,1348,1344,1345,-1,1348,1345,1349,-1,1349,1345,1318,-1,1349,1318,1319,-1,785,1325,1350,-1,1350,1325,1346,-1,1350,1346,1351,-1,1351,1346,1347,-1,1351,1347,1352,-1,1352,1347,1348,-1,1352,1348,1353,-1,1353,1348,1349,-1,1353,1349,1354,-1,1354,1349,1319,-1,1354,1319,779,-1,1334,793,1329,-1,1324,1323,1341,-1,1341,1323,1332,-1,1341,1332,1337,-1,1337,1332,1326,-1,1337,1326,1333,-1,1333,1326,1328,-1,1333,1328,1334,-1,1334,1328,793,-1,779,781,1355,-1,779,1355,1354,-1,1354,1355,1356,-1,1354,1356,1353,-1,1353,1356,1357,-1,1353,1357,1352,-1,1352,1357,1358,-1,1352,1358,1351,-1,1351,1358,1359,-1,1351,1359,1350,-1,1350,1359,783,-1,1350,783,785,-1,1355,781,1103,-1,1358,1357,1360,-1,1359,1358,1361,-1,1067,783,1362,-1,1362,783,1359,-1,1355,1103,1363,-1,1363,1103,1102,-1,1363,1102,1364,-1,1067,1362,1068,-1,1068,1362,1365,-1,1068,1365,1071,-1,1102,1101,1364,-1,1364,1101,1087,-1,1364,1087,1366,-1,1071,1365,1072,-1,1072,1365,1367,-1,1072,1367,1075,-1,1087,1099,1366,-1,1366,1099,1090,-1,1366,1090,1368,-1,1075,1367,1076,-1,1076,1367,1369,-1,1076,1369,1082,-1,1093,1370,1094,-1,1094,1370,1368,-1,1094,1368,1097,-1,1097,1368,1090,-1,728,1371,1370,-1,1370,1371,1372,-1,1370,1372,1368,-1,1368,1372,1373,-1,1368,1373,1366,-1,1366,1373,1374,-1,1366,1374,1364,-1,1364,1374,1375,-1,1364,1375,1363,-1,1363,1375,1356,-1,1363,1356,1355,-1,728,1376,1371,-1,1371,1376,1377,-1,1371,1377,1372,-1,1372,1377,1378,-1,1372,1378,1373,-1,1373,1378,1379,-1,1373,1379,1374,-1,1374,1379,1360,-1,1374,1360,1375,-1,1375,1360,1357,-1,1375,1357,1356,-1,1093,1091,1370,-1,1370,1091,728,-1,728,1084,1380,-1,1380,1084,1080,-1,1380,1080,1369,-1,1369,1080,1079,-1,1369,1079,1082,-1,1359,1361,1362,-1,1362,1361,1381,-1,1362,1381,1365,-1,1365,1381,1382,-1,1365,1382,1367,-1,1367,1382,1383,-1,1367,1383,1369,-1,1369,1383,1384,-1,1369,1384,1380,-1,1380,1384,728,-1,1358,1360,1361,-1,1361,1360,1379,-1,1361,1379,1381,-1,1381,1379,1378,-1,1381,1378,1382,-1,1382,1378,1377,-1,1382,1377,1383,-1,1383,1377,1376,-1,1383,1376,1384,-1,1384,1376,728,-1,
        ]
    }
}
Shape{
    appearance Appearance {
        material  Material 	{
            diffuseColor 0.0 0.0 0.0
            specularColor 0.0 0.0 0.0
            ambientIntensity 0.0
            transparency 0.0
            shininess 0.5
        }
    }
    geometry IndexedFaceSet {
        ccw TRUE
        solid FALSE
        coord DEF co Coordinate {
            point [
                0.3208 0.1025 0.0004, 0.244 -0.0944 0.0004, 0.3208 0.1025 0.0, 0.244 -0.0944 0.0, 0.2728 -0.0944 0.0004, 0.2728 -0.0944 0.0, 0.2928 -0.0392 0.0004, 0.2928 -0.0392 0.0, 0.3741 -0.0392 0.0004, 0.3741 -0.0392 0.0, 0.3929 -0.0944 0.0004, 0.3929 -0.0944 0.0, 0.4175 -0.0944 0.0, 0.4217 -0.0944 0.0004, 0.4217 -0.0944 0.0, 0.4175 -0.0834 0.0, 0.3473 0.1025 0.0004, 0.3473 0.1025 0.0, 0.3674 -0.0176 0.0004, 0.3016 -0.0176 0.0004, 0.3381 0.0647 0.0004, 0.3362 0.0715 0.0004, 0.3349 0.0785 0.0004, 0.3343 0.0785 0.0004, 0.333 0.0715 0.0004, 0.3312 0.0647 0.0004, 0.3674 -0.0176 0.0, 0.3016 -0.0176 0.0, 0.3381 0.0647 0.0, 0.3362 0.0715 0.0, 0.3349 0.0785 0.0, 0.3343 0.0785 0.0, 0.333 0.0715 0.0, 0.3312 0.0647 0.0, 0.541 -0.0944 0.0004, 0.5945 -0.0944 0.0004, 0.541 -0.0944 0.0, 0.5945 -0.0944 0.0, 0.5945 0.1025 0.0004, 0.5945 0.1025 0.0, 0.539 0.1025 0.0004, 0.539 0.1025 0.0, 0.4361 0.0065 0.0004, 0.4361 0.0065 0.0, 0.4375 0.025 0.0, 0.4375 0.025 0.0004, 0.4428 0.0444 0.0, 0.4428 0.0444 0.0004, 0.4519 0.0614 0.0, 0.4519 0.0614 0.0004, 0.4659 0.0768 0.0, 0.4659 0.0768 0.0004, 0.4661 0.077 0.0, 0.4661 0.077 0.0004, 0.4875 0.0913 0.0, 0.4875 0.0913 0.0004, 0.5105 0.0994 0.0, 0.5105 0.0994 0.0004, 0.5166 -0.0923 0.0, 0.5166 -0.0923 0.0004, 0.494 -0.0855 0.0, 0.494 -0.0855 0.0004, 0.4734 -0.0736 0.0, 0.4734 -0.0736 0.0004, 0.4572 -0.058 0.0, 0.4572 -0.058 0.0004, 0.4459 -0.0404 0.0, 0.4459 -0.0404 0.0004, 0.4388 -0.0198 0.0, 0.4388 -0.0198 0.0004, 0.4756 0.0533 0.0004, 0.4852 0.0634 0.0004, 0.4995 0.0727 0.0004, 0.5158 0.0784 0.0004, 0.5391 0.0809 0.0004, 0.5681 0.0809 0.0004, 0.5681 -0.0728 0.0004, 0.5402 -0.0728 0.0004, 0.5194 -0.0709 0.0004, 0.5028 -0.0657 0.0004, 0.4894 -0.0577 0.0004, 0.4784 -0.0468 0.0004, 0.4701 -0.0332 0.0004, 0.4643 -0.0147 0.0004, 0.4625 0.0059 0.0004, 0.4642 0.0255 0.0004, 0.4688 0.0411 0.0004, 0.5391 0.0809 0.0, 0.5681 0.0809 0.0, 0.5158 0.0784 0.0, 0.4995 0.0727 0.0, 0.4852 0.0634 0.0, 0.4756 0.0533 0.0, 0.4688 0.0411 0.0, 0.4642 0.0255 0.0, 0.4625 0.0059 0.0, 0.4643 -0.0147 0.0, 0.4701 -0.0332 0.0, 0.4784 -0.0468 0.0, 0.4894 -0.0577 0.0, 0.5028 -0.0657 0.0, 0.5194 -0.0709 0.0, 0.5402 -0.0728 0.0, 0.5681 -0.0728 0.0, 0.6329 -0.0728 0.0004, 0.6329 -0.0944 0.0004, 0.6329 -0.0728 0.0, 0.6329 -0.0944 0.0, 0.7386 -0.0944 0.0004, 0.7386 -0.0944 0.0, 0.7386 0.1025 0.0004, 0.7386 0.1025 0.0, 0.6377 0.1025 0.0004, 0.6377 0.1025 0.0, 0.6377 0.0809 0.0004, 0.6377 0.0809 0.0, 0.7121 0.0809 0.0004, 0.7121 0.0809 0.0, 0.7121 0.016 0.0004, 0.7121 0.016 0.0, 0.6425 0.016 0.0004, 0.6425 0.016 0.0, 0.6425 -0.0056 0.0004, 0.6425 -0.0056 0.0, 0.7121 -0.0056 0.0004, 0.7121 -0.0056 0.0, 0.7121 -0.0728 0.0004, 0.7121 -0.0728 0.0, 0.777 -0.0626 0.0004, 0.777 -0.0842 0.0004, 0.777 -0.0626 0.0, 0.777 -0.0842 0.0, 0.7979 -0.0928 0.0004, 0.8311 -0.0968 0.0004, 0.8311 -0.0968 0.0, 0.8257 -0.0967 0.0, 0.8257 -0.0967 0.0004, 0.8178 -0.0956 0.0, 0.7979 -0.0928 0.0, 0.9234 0.0003 0.0004, 0.9234 0.0003 0.0, 0.9215 -0.0225 0.0, 0.9215 -0.0225 0.0004, 0.9156 -0.0433 0.0, 0.9156 -0.0433 0.0004, 0.9051 -0.062 0.0, 0.9051 -0.062 0.0004, 0.9046 -0.0625 0.0, 0.8903 -0.0776 0.0004, 0.8903 -0.0776 0.0, 0.8745 -0.0877 0.0, 0.8745 -0.0877 0.0004, 0.8554 -0.0943 0.0, 0.8554 -0.0943 0.0004, 0.8427 -0.0956 0.0, 0.8431 0.1032 0.0004, 0.8233 0.1049 0.0004, 0.838 0.1037 0.0, 0.8233 0.1049 0.0, 0.8431 0.1032 0.0, 0.865 0.0969 0.0, 0.865 0.0969 0.0004, 0.8837 0.0861 0.0, 0.8837 0.0861 0.0004, 0.9015 0.069 0.0, 0.9015 0.069 0.0004, 0.9046 0.064 0.0, 0.913 0.0506 0.0004, 0.913 0.0506 0.0, 0.9206 0.0283 0.0, 0.9206 0.0283 0.0004, 0.8059 0.1037 0.0, 0.7997 0.1032 0.0004, 0.7997 0.1032 0.0, 0.777 0.0971 0.0004, 0.777 0.0971 0.0, 0.777 0.0707 0.0004, 0.777 0.0707 0.0, 0.8231 0.0833 0.0004, 0.8231 0.0833 0.0, 0.7991 0.0801 0.0, 0.7991 0.0801 0.0004, 0.897 0.0019 0.0004, 0.897 0.0019 0.0, 0.8961 0.0173 0.0, 0.8961 0.0173 0.0004, 0.8908 0.0383 0.0, 0.8908 0.0383 0.0004, 0.8827 0.0535 0.0, 0.8827 0.0535 0.0004, 0.8708 0.0666 0.0, 0.8708 0.0666 0.0004, 0.8572 0.0758 0.0, 0.8572 0.0758 0.0004, 0.8424 0.0811 0.0, 0.8424 0.0811 0.0004, 0.8275 -0.0752 0.0004, 0.8275 -0.0752 0.0, 0.8459 -0.0731 0.0, 0.8459 -0.0731 0.0004, 0.8602 -0.0678 0.0, 0.8602 -0.0678 0.0004, 0.8723 -0.0597 0.0, 0.8723 -0.0597 0.0004, 0.8815 -0.05 0.0, 0.8815 -0.05 0.0004, 0.8897 -0.0363 0.0, 0.8897 -0.0363 0.0004, 0.895 -0.0194 0.0, 0.895 -0.0194 0.0004, 0.7805 -0.0645 0.0, 0.7805 -0.0645 0.0004, 0.8014 -0.0723 0.0, 0.8014 -0.0723 0.0004, 0.9402 -0.0728 0.0004, 0.9402 -0.0944 0.0004, 0.9402 -0.0728 0.0, 0.9402 -0.0944 0.0, 1.041 -0.0944 0.0004, 1.041 -0.0944 0.0, 1.041 0.1025 0.0004, 1.041 0.1025 0.0, 1.0146 0.1025 0.0004, 1.0146 0.1025 0.0, 1.0146 -0.0728 0.0004, 1.0146 -0.0728 0.0
            ]
        }
        coordIndex [
            0,1,2,-1,2,1,3,-1,1,4,3,-1,3,4,5,-1,4,6,5,-1,5,6,7,-1,6,8,7,-1,7,8,9,-1,8,10,9,-1,9,10,11,-1,11,10,12,-1,12,10,13,-1,12,13,14,-1,14,13,15,-1,15,13,16,-1,15,16,17,-1,16,0,17,-1,17,0,2,-1,18,8,19,-1,19,8,6,-1,20,16,18,-1,18,16,13,-1,18,13,8,-1,8,13,10,-1,20,21,16,-1,16,21,22,-1,16,22,0,-1,0,22,23,-1,0,23,24,-1,24,25,0,-1,0,25,19,-1,0,19,1,-1,1,19,6,-1,1,6,4,-1,18,19,26,-1,26,19,27,-1,20,18,28,-1,28,18,26,-1,20,28,29,-1,20,29,21,-1,21,29,30,-1,21,30,22,-1,23,22,31,-1,31,22,30,-1,23,31,32,-1,23,32,24,-1,24,32,33,-1,24,33,25,-1,19,25,27,-1,27,25,33,-1,34,35,36,-1,36,35,37,-1,35,38,37,-1,37,38,39,-1,38,40,39,-1,39,40,41,-1,42,43,44,-1,42,44,45,-1,45,44,46,-1,45,46,47,-1,47,46,48,-1,47,48,49,-1,49,48,50,-1,49,50,51,-1,51,50,52,-1,51,52,53,-1,53,52,54,-1,53,54,55,-1,55,54,56,-1,55,56,57,-1,57,56,41,-1,57,41,40,-1,34,36,58,-1,34,58,59,-1,59,58,60,-1,59,60,61,-1,61,60,62,-1,61,62,63,-1,63,62,64,-1,63,64,65,-1,65,64,66,-1,65,66,67,-1,67,66,68,-1,67,68,69,-1,69,68,43,-1,69,43,42,-1,47,49,70,-1,70,49,51,-1,70,51,71,-1,71,51,53,-1,71,53,72,-1,72,53,55,-1,72,55,73,-1,73,55,57,-1,73,57,74,-1,74,57,40,-1,74,40,75,-1,75,40,38,-1,75,38,76,-1,76,38,35,-1,76,35,77,-1,77,35,34,-1,77,34,78,-1,78,34,59,-1,78,59,79,-1,79,59,61,-1,79,61,80,-1,80,61,63,-1,80,63,81,-1,81,63,65,-1,81,65,82,-1,82,65,67,-1,82,67,83,-1,83,67,69,-1,83,69,84,-1,84,69,42,-1,84,42,85,-1,85,42,45,-1,85,45,86,-1,86,45,47,-1,86,47,70,-1,74,75,87,-1,87,75,88,-1,74,87,89,-1,74,89,73,-1,73,89,90,-1,73,90,72,-1,72,90,91,-1,72,91,71,-1,71,91,92,-1,71,92,70,-1,70,92,93,-1,70,93,86,-1,86,93,94,-1,86,94,85,-1,85,94,95,-1,85,95,84,-1,84,95,96,-1,84,96,83,-1,83,96,97,-1,83,97,82,-1,82,97,98,-1,82,98,81,-1,81,98,99,-1,81,99,80,-1,80,99,100,-1,80,100,79,-1,79,100,101,-1,79,101,78,-1,78,101,102,-1,78,102,77,-1,76,77,103,-1,103,77,102,-1,75,76,88,-1,88,76,103,-1,104,105,106,-1,106,105,107,-1,105,108,107,-1,107,108,109,-1,108,110,109,-1,109,110,111,-1,110,112,111,-1,111,112,113,-1,112,114,113,-1,113,114,115,-1,114,116,115,-1,115,116,117,-1,116,118,117,-1,117,118,119,-1,118,120,119,-1,119,120,121,-1,120,122,121,-1,121,122,123,-1,122,124,123,-1,123,124,125,-1,124,126,125,-1,125,126,127,-1,126,104,127,-1,127,104,106,-1,108,105,104,-1,104,126,108,-1,108,126,124,-1,108,124,110,-1,114,112,116,-1,116,112,110,-1,116,110,118,-1,118,110,124,-1,118,124,120,-1,120,124,122,-1,128,129,130,-1,130,129,131,-1,131,129,132,-1,133,134,135,-1,133,135,136,-1,136,135,137,-1,136,137,132,-1,132,137,138,-1,132,138,131,-1,139,140,141,-1,139,141,142,-1,142,141,143,-1,142,143,144,-1,144,143,145,-1,144,145,146,-1,146,145,147,-1,146,147,148,-1,147,149,148,-1,148,149,150,-1,148,150,151,-1,151,150,152,-1,151,152,153,-1,153,152,154,-1,153,154,133,-1,133,154,134,-1,155,156,157,-1,157,156,158,-1,157,159,155,-1,155,159,160,-1,155,160,161,-1,161,160,162,-1,161,162,163,-1,163,162,164,-1,163,164,165,-1,165,164,166,-1,165,166,167,-1,166,168,167,-1,167,168,169,-1,167,169,170,-1,170,169,140,-1,170,140,139,-1,158,156,171,-1,171,156,172,-1,171,172,173,-1,173,172,174,-1,173,174,175,-1,174,176,175,-1,175,176,177,-1,178,179,180,-1,178,180,181,-1,181,180,177,-1,181,177,176,-1,182,183,184,-1,182,184,185,-1,185,184,186,-1,185,186,187,-1,187,186,188,-1,187,188,189,-1,189,188,190,-1,189,190,191,-1,191,190,192,-1,191,192,193,-1,193,192,194,-1,193,194,195,-1,195,194,179,-1,195,179,178,-1,196,197,198,-1,196,198,199,-1,199,198,200,-1,199,200,201,-1,201,200,202,-1,201,202,203,-1,203,202,204,-1,203,204,205,-1,205,204,206,-1,205,206,207,-1,207,206,208,-1,207,208,209,-1,209,208,183,-1,209,183,182,-1,128,130,210,-1,128,210,211,-1,211,210,212,-1,211,212,213,-1,213,212,197,-1,213,197,196,-1,199,133,196,-1,196,133,136,-1,196,136,213,-1,213,136,132,-1,213,132,211,-1,211,132,129,-1,211,129,128,-1,176,174,181,-1,181,174,172,-1,181,172,178,-1,178,172,156,-1,178,156,195,-1,195,156,155,-1,195,155,193,-1,193,155,161,-1,193,161,191,-1,191,161,163,-1,191,163,189,-1,189,163,165,-1,189,165,187,-1,187,165,167,-1,187,167,185,-1,185,167,170,-1,185,170,182,-1,182,170,139,-1,182,139,209,-1,209,139,142,-1,209,142,207,-1,207,142,144,-1,207,144,205,-1,205,144,146,-1,205,146,203,-1,203,146,148,-1,203,148,201,-1,201,148,151,-1,201,151,199,-1,199,151,153,-1,199,153,133,-1,214,215,216,-1,216,215,217,-1,215,218,217,-1,217,218,219,-1,218,220,219,-1,219,220,221,-1,220,222,221,-1,221,222,223,-1,222,224,223,-1,223,224,225,-1,224,214,225,-1,225,214,216,-1,222,220,224,-1,224,220,218,-1,224,218,214,-1,214,218,215,-1,
        ]
    }
}
Shape{
    appearance Appearance {
        material  Material 	{
            diffuseColor 0.25098039215686274 0.25098039215686274 0.25098039215686274
            specularColor 0.12549019607843137 0.12549019607843137 0.12549019607843137
            ambientIntensity 0.251
            transparency 0.0
            shininess 0.5
        }
    }
    geometry IndexedFaceSet {
        ccw TRUE
        solid FALSE
        coord DEF co Coordinate {
            point [
                0.3674 -0.0176 0.0, 0.3016 -0.0176 0.0, 0.3381 0.0647 0.0, 0.3312 0.0647 0.0, 0.3362 0.0715 0.0, 0.333 0.0715 0.0, 0.3349 0.0785 0.0, 0.3343 0.0785 0.0, 0.5681 0.0809 0.0, 0.5681 -0.0728 0.0, 0.5391 0.0809 0.0, 0.5402 -0.0728 0.0, 0.5194 -0.0709 0.0, 0.4625 0.0059 0.0, 0.4642 0.0255 0.0, 0.4688 0.0411 0.0, 0.5158 0.0784 0.0, 0.5028 -0.0657 0.0, 0.4894 -0.0577 0.0, 0.4784 -0.0468 0.0, 0.4701 -0.0332 0.0, 0.4643 -0.0147 0.0, 0.4756 0.0533 0.0, 0.4852 0.0634 0.0, 0.4995 0.0727 0.0
            ]
        }
        coordIndex [
            0,1,2,-1,2,1,3,-1,2,3,4,-1,4,3,5,-1,4,5,6,-1,6,5,7,-1,8,9,10,-1,10,9,11,-1,10,11,12,-1,13,14,10,-1,10,14,15,-1,10,15,16,-1,12,17,10,-1,10,17,18,-1,10,18,19,-1,19,20,10,-1,10,20,21,-1,10,21,13,-1,22,23,15,-1,15,23,24,-1,15,24,16,-1,
        ]
    }
}
Shape{
    appearance Appearance {
        material  Material 	{
            diffuseColor 0.7529411764705882 0.7529411764705882 0.7529411764705882
            specularColor 0.3764705882352941 0.3764705882352941 0.3764705882352941
            ambientIntensity 0.7529
            transparency 0.0
            shininess 0.5
        }
    }
    geometry IndexedFaceSet {
        ccw TRUE
        solid FALSE
        coord DEF co Coordinate {
            point [
                0.3937 1.4567 0.6295, 0.9843 1.4567 0.6295, 0.3937 1.4567 0.472, 0.9843 1.4567 0.2362, -0.3937 1.4567 0.472, 0.2362 1.4567 0.2362, -0.9843 1.4567 0.6295, -0.3937 1.4567 0.6295, -0.9843 1.4567 0.2362, -0.2362 1.4567 0.2362, -0.2362 1.4567 0.0752, 0.2362 1.4567 0.0752, 0.9843 1.378 0.6295, 0.3937 1.378 0.6295, 0.9843 1.378 0.2362, 0.3937 1.378 0.472, 0.2362 1.378 0.2362, -0.3937 1.378 0.6295, -0.9843 1.378 0.6295, -0.3937 1.378 0.472, -0.9843 1.378 0.2362, -0.2362 1.378 0.2362, -0.2362 1.378 0.0752, 0.2362 1.378 0.0752, -0.9843 1.3776 0.6299, -0.3937 1.3776 0.6299, -0.3937 1.3386 0.6299, -1.3776 0.9843 0.6299, -1.378 0.9843 0.6299, -0.9843 1.378 0.6299, 0.4173 0.5233 0.6299, 0.3172 0.5894 0.6299, 0.3937 1.3386 0.6299, 0.3937 1.3776 0.6299, 0.9843 1.3776 0.6299, 0.2068 0.6365 0.6299, 0.0898 0.6632 0.6299, -0.03 0.6686 0.6299, -0.1969 1.3386 0.6299, 0.0 1.1417 0.6299, 0.504 0.4404 0.6299, -0.3937 -1.3386 0.6299, -0.3937 -1.3776 0.6299, -0.9843 -1.3776 0.6299, -0.4625 0.4838 0.6299, -0.5415 0.3934 0.6299, 0.9843 -1.3776 0.6299, 0.3937 -1.3776 0.6299, 0.3937 -1.3386 0.6299, 0.9843 1.378 0.6299, 1.378 0.9843 0.6299, 1.3776 0.9843 0.6299, 1.3776 -0.9843 0.6299, -0.1489 0.6525 0.6299, -0.263 0.6154 0.6299, -0.3687 0.5586 0.6299, -0.603 0.2904 0.6299, -0.6452 0.1781 0.6299, -0.6666 0.06 0.6299, 1.378 -0.9843 0.6299, 0.9843 -1.378 0.6299, 0.6585 0.1195 0.6299, 0.6266 0.2352 0.6299, -0.6666 -0.06 0.6299, -0.6452 -0.1781 0.6299, -0.603 -0.2904 0.6299, -0.5415 -0.3934 0.6299, 0.2068 -0.6365 0.6299, 0.3172 -0.5894 0.6299, -0.9843 -1.378 0.6299, -1.378 -0.9843 0.6299, -1.3776 -0.9843 0.6299, 0.1969 1.3386 0.6299, 0.5746 0.3433 0.6299, -0.4625 -0.4838 0.6299, -0.3687 -0.5586 0.6299, -0.263 -0.6154 0.6299, -0.1489 -0.6525 0.6299, -0.03 -0.6686 0.6299, 0.0898 -0.6632 0.6299, 0.4173 -0.5233 0.6299, 0.504 -0.4404 0.6299, 0.5746 -0.3433 0.6299, 0.6266 -0.2352 0.6299, 0.6585 -0.1195 0.6299, 0.6693 0.0 0.6299, 0.9843 -1.3776 0.7087, 0.9843 -1.378 0.7087, 1.378 -0.9843 0.7087, -1.3776 -0.9843 0.7087, -1.378 -0.9843 0.7087, -0.9843 -1.378 0.7087, -0.9843 -1.3776 0.7087, -0.3937 -1.3776 0.7087, -0.3937 -1.3386 0.7087, 0.7767 0.1296 0.7087, 0.7874 0.0 0.7087, 0.9843 1.3776 0.7087, 0.3937 -1.3386 0.7087, 0.3937 -1.3776 0.7087, 0.3937 1.3776 0.7087, 0.3937 1.3386 0.7087, 0.7447 0.2557 0.7087, -0.3163 0.7211 0.7087, 0.0 1.1417 0.7087, -0.4307 0.6592 0.7087, -0.5333 0.5793 0.7087, 1.3776 -0.9843 0.7087, 0.7767 -0.1296 0.7087, 0.7447 -0.2557 0.7087, -0.9843 1.378 0.7087, -1.378 0.9843 0.7087, -0.9843 1.3776 0.7087, -1.3776 0.9843 0.7087, 1.378 0.9843 0.7087, 0.9843 1.378 0.7087, 1.3776 0.9843 0.7087, 0.5333 0.5793 0.7087, 0.4307 0.6592 0.7087, 0.3163 0.7211 0.7087, 0.6925 -0.3748 0.7087, 0.6214 -0.4836 0.7087, -0.1933 0.7633 0.7087, -0.065 0.7847 0.7087, 0.1969 1.3386 0.7087, 0.065 0.7847 0.7087, 0.1933 0.7633 0.7087, 0.6214 0.4836 0.7087, 0.6925 0.3748 0.7087, 0.5333 -0.5793 0.7087, 0.4307 -0.6592 0.7087, 0.3163 -0.7211 0.7087, -0.7447 0.2557 0.7087, -0.6925 0.3748 0.7087, -0.6214 0.4836 0.7087, -0.1969 1.3386 0.7087, -0.3937 1.3386 0.7087, -0.3937 1.3776 0.7087, -0.6925 -0.3748 0.7087, -0.7447 -0.2557 0.7087, -0.7767 -0.1296 0.7087, -0.7874 -0.0 0.7087, -0.7767 0.1296 0.7087, -0.1933 -0.7633 0.7087, -0.3163 -0.7211 0.7087, -0.4307 -0.6592 0.7087, 0.1933 -0.7633 0.7087, 0.065 -0.7847 0.7087, -0.065 -0.7847 0.7087, -0.5333 -0.5793 0.7087, -0.6214 -0.4836 0.7087, 0.3937 1.398 0.706, 0.9843 1.398 0.706, 0.9843 1.4171 0.6981, 0.3937 1.4171 0.6981, 0.9843 1.4335 0.6855, 0.3937 1.4335 0.6855, 0.9843 1.4461 0.6691, 0.3937 1.4461 0.6691, 0.9843 1.454 0.65, 0.3937 1.454 0.65, 0.3937 1.3779 0.6296, 0.9843 1.3779 0.6296, 0.3937 1.3779 0.6297, 0.9843 1.3779 0.6297, 0.3937 1.3778 0.6298, 0.9843 1.3778 0.6298, 0.3937 1.3778 0.6299, 0.9843 1.3778 0.6299, 0.3937 1.3777 0.6299, 0.9843 1.3777 0.6299, -0.3937 1.398 0.706, -0.9843 1.398 0.706, -0.3937 1.4171 0.6981, -0.9843 1.4171 0.6981, -0.3937 1.4335 0.6855, -0.9843 1.4335 0.6855, -0.3937 1.4461 0.6691, -0.9843 1.4461 0.6691, -0.3937 1.454 0.65, -0.9843 1.454 0.65, -0.9843 1.3779 0.6296, -0.3937 1.3779 0.6296, -0.9843 1.3779 0.6297, -0.3937 1.3779 0.6297, -0.9843 1.3778 0.6298, -0.3937 1.3778 0.6298, -0.9843 1.3778 0.6299, -0.3937 1.3778 0.6299, -0.9843 1.3777 0.6299, -0.3937 1.3777 0.6299, 0.3937 -1.398 0.706, 0.9843 -1.398 0.706, 0.3937 -1.4171 0.6981, 0.9843 -1.4171 0.6981, 0.3937 -1.4335 0.6855, 0.9843 -1.4335 0.6855, 0.3937 -1.4461 0.6691, 0.9843 -1.4461 0.6691, 0.3937 -1.454 0.65, 0.9843 -1.454 0.65, 0.3937 -1.4567 0.6295, 0.9843 -1.4567 0.6295, 0.9843 -1.378 0.6295, 0.3937 -1.378 0.6295, 0.9843 -1.3779 0.6296, 0.3937 -1.3779 0.6296, 0.9843 -1.3779 0.6297, 0.3937 -1.3779 0.6297, 0.9843 -1.3778 0.6298, 0.3937 -1.3778 0.6298, 0.9843 -1.3778 0.6299, 0.3937 -1.3778 0.6299, 0.9843 -1.3777 0.6299, 0.3937 -1.3777 0.6299, -0.3937 -1.4567 0.6295, -0.9843 -1.4567 0.6295, -0.3937 -1.4567 0.472, -0.9843 -1.4567 0.2362, 0.3937 -1.4567 0.472, -0.2362 -1.4567 0.2362, 0.9843 -1.4567 0.2362, 0.2362 -1.4567 0.2362, 0.2362 -1.4567 0.0752, -0.2362 -1.4567 0.0752, 0.3937 -1.378 0.472, 0.9843 -1.378 0.2362, -0.3937 -1.378 0.472, 0.2362 -1.378 0.2362, -0.9843 -1.378 0.6295, -0.3937 -1.378 0.6295, -0.9843 -1.378 0.2362, -0.2362 -1.378 0.2362, -0.2362 -1.378 0.0752, 0.2362 -1.378 0.0752, -1.378 -0.9843 0.6295, -1.3779 -0.9843 0.6296, -1.4567 -0.9843 0.6295, -1.3777 -0.9843 0.6299, -1.3778 -0.9843 0.6299, -1.3779 -0.9843 0.6297, -1.3778 -0.9843 0.6298, -1.398 -0.9843 0.706, -1.4171 -0.9843 0.6981, -1.4335 -0.9843 0.6855, -1.4461 -0.9843 0.6691, -1.454 -0.9843 0.65, -1.3777 0.9843 0.6299, -1.3778 0.9843 0.6299, -1.3778 0.9843 0.6298, -1.4567 0.9843 0.6295, -1.454 0.9843 0.65, -1.4461 0.9843 0.6691, -1.4335 0.9843 0.6855, -1.4171 0.9843 0.6981, -1.398 0.9843 0.706, -1.378 0.9843 0.6295, -1.3779 0.9843 0.6296, -1.3779 0.9843 0.6297, -1.378 0.9843 0.315, -1.4567 0.9843 0.315, -1.4567 -0.9843 0.315, -1.378 -0.9843 0.315, 1.378 0.9843 0.6295, 1.3779 0.9843 0.6296, 1.4567 0.9843 0.6295, 1.3777 0.9843 0.6299, 1.3778 0.9843 0.6299, 1.3779 0.9843 0.6297, 1.3778 0.9843 0.6298, 1.398 0.9843 0.706, 1.4171 0.9843 0.6981, 1.4335 0.9843 0.6855, 1.4461 0.9843 0.6691, 1.454 0.9843 0.65, 1.3777 -0.9843 0.6299, 1.3778 -0.9843 0.6299, 1.3778 -0.9843 0.6298, 1.4567 -0.9843 0.6295, 1.454 -0.9843 0.65, 1.4461 -0.9843 0.6691, 1.4335 -0.9843 0.6855, 1.4171 -0.9843 0.6981, 1.398 -0.9843 0.706, 1.378 -0.9843 0.6295, 1.3779 -0.9843 0.6296, 1.3779 -0.9843 0.6297, 1.378 -0.9843 0.315, 1.4567 -0.9843 0.315, 1.4567 0.9843 0.315, 1.378 0.9843 0.315, -0.9843 -1.398 0.706, -0.9843 -1.454 0.65, -0.9843 -1.4461 0.6691, -0.9843 -1.3779 0.6296, -0.9843 -1.3779 0.6297, -0.9843 -1.3778 0.6298, -0.9843 -1.3777 0.6299, -0.9843 -1.3778 0.6299, -0.9843 -1.4335 0.6855, -0.9843 -1.4171 0.6981, -0.3937 -1.398 0.706, -0.3937 -1.4171 0.6981, -0.3937 -1.4335 0.6855, -0.3937 -1.4461 0.6691, -0.3937 -1.454 0.65, -0.3937 -1.3779 0.6296, -0.3937 -1.3779 0.6297, -0.3937 -1.3778 0.6298, -0.3937 -1.3778 0.6299, -0.3937 -1.3777 0.6299, -0.3766 -0.5935 0.7932, -0.3841 -0.588 0.7932, -0.616 -0.3386 0.7932, -0.6179 -0.3344 0.7932, -0.6974 0.0881 0.7932, -0.6921 0.1155 0.7932, 0.3766 0.5935 0.7932, 0.3841 0.588 0.7932, 0.616 0.3386 0.7932, 0.6179 0.3344 0.7932, 0.6636 0.2278 0.7932, 0.6808 0.1748 0.7932, 0.6535 0.2588 0.7932, 0.5687 0.4132 0.7932, 0.5539 0.431 0.7932, 0.5124 0.4812 0.7932, 0.4751 0.5162 0.7932, 0.448 0.5416 0.7932, 0.2993 0.636 0.7932, 0.282 0.6428 0.7932, 0.2172 0.6685 0.7932, 0.1722 0.68 0.7932, -0.058 0.6998 0.7932, -0.0441 0.7015 0.7932, 0.0441 0.7015 0.7932, 0.058 0.6998 0.7932, 0.1317 0.6904 0.7932, -0.1317 0.6904 0.7932, -0.1722 0.68 0.7932, -0.3841 0.588 0.7932, -0.3766 0.5935 0.7932, -0.2993 0.636 0.7932, -0.282 0.6428 0.7932, -0.2172 0.6685 0.7932, -0.448 0.5416 0.7932, -0.4751 0.5162 0.7932, -0.6179 0.3344 0.7932, -0.616 0.3386 0.7932, -0.5687 0.4132 0.7932, -0.5539 0.431 0.7932, -0.5124 0.4812 0.7932, -0.6535 0.2588 0.7932, -0.6636 0.2278 0.7932, -0.6808 0.1748 0.7932, -0.7029 0.0 0.7932, -0.6974 -0.0881 0.7932, -0.6921 -0.1155 0.7932, -0.6808 -0.1748 0.7932, -0.6636 -0.2278 0.7932, -0.6535 -0.2588 0.7932, -0.5687 -0.4132 0.7932, -0.5539 -0.431 0.7932, -0.5124 -0.4812 0.7932, -0.4751 -0.5162 0.7932, -0.448 -0.5416 0.7932, -0.2993 -0.636 0.7932, -0.282 -0.6428 0.7932, -0.2172 -0.6685 0.7932, -0.1722 -0.68 0.7932, 0.058 -0.6998 0.7932, 0.0441 -0.7015 0.7932, -0.0441 -0.7015 0.7932, -0.058 -0.6998 0.7932, -0.1317 -0.6904 0.7932, 0.1317 -0.6904 0.7932, 0.1722 -0.68 0.7932, 0.3841 -0.588 0.7932, 0.3766 -0.5935 0.7932, 0.2993 -0.636 0.7932, 0.282 -0.6428 0.7932, 0.2172 -0.6685 0.7932, 0.448 -0.5416 0.7932, 0.4751 -0.5162 0.7932, 0.6179 -0.3344 0.7932, 0.616 -0.3386 0.7932, 0.5687 -0.4132 0.7932, 0.5539 -0.431 0.7932, 0.5124 -0.4812 0.7932, 0.6535 -0.2588 0.7932, 0.6636 -0.2278 0.7932, 0.6921 -0.1155 0.7932, 0.6808 -0.1748 0.7932, 0.6921 0.1155 0.7932, 0.6974 0.0881 0.7932, 0.7029 0.0 0.7932, 0.6974 -0.0881 0.7932, 0.664 0.0839 0.7792, 0.626 0.235 0.7792, 0.6483 0.1664 0.7792, 0.6573 0.1193 0.7792, 0.6223 0.2464 0.7792, 0.5865 0.3224 0.7792, 0.5032 0.4397 0.7792, 0.5415 0.3934 0.7792, 0.5736 0.3427 0.7792, 0.4879 0.4582 0.7792, 0.4266 0.5157 0.7792, 0.4169 0.5227 0.7792, 0.3586 0.5651 0.7792, 0.3165 0.5882 0.7792, 0.285 0.6056 0.7792, 0.2068 0.6365 0.7792, 0.1254 0.6574 0.7792, -0.03 0.668 0.7792, 0.042 0.668 0.7792, 0.0897 0.662 0.7792, -0.042 0.668 0.7792, -0.1254 0.6574 0.7792, -0.2627 0.6144 0.7792, -0.2068 0.6365 0.7792, -0.1487 0.6515 0.7792, -0.285 0.6056 0.7792, -0.3586 0.5651 0.7792, -0.3683 0.558 0.7792, -0.4266 0.5157 0.7792, -0.4616 0.4828 0.7792, -0.4879 0.4582 0.7792, -0.5415 0.3934 0.7792, -0.5865 0.3224 0.7792, -0.6018 0.2898 0.7792, -0.6223 0.2464 0.7792, -0.664 0.0839 0.7792, -0.6483 0.1664 0.7792, -0.6446 0.1779 0.7792, -0.6655 -0.0599 0.7792, -0.6693 -0.0 0.7792, -0.6655 0.0599 0.7792, -0.664 -0.0839 0.7792, -0.6483 -0.1664 0.7792, -0.6446 -0.1779 0.7792, -0.6223 -0.2464 0.7792, -0.6018 -0.2898 0.7792, -0.5865 -0.3224 0.7792, -0.5415 -0.3934 0.7792, -0.4879 -0.4582 0.7792, -0.3683 -0.558 0.7792, -0.4266 -0.5157 0.7792, -0.4616 -0.4828 0.7792, -0.3586 -0.5651 0.7792, -0.285 -0.6056 0.7792, -0.1487 -0.6515 0.7792, -0.2068 -0.6365 0.7792, -0.2627 -0.6144 0.7792, -0.1254 -0.6574 0.7792, -0.042 -0.668 0.7792, -0.03 -0.668 0.7792, 0.042 -0.668 0.7792, 0.0897 -0.662 0.7792, 0.1254 -0.6574 0.7792, 0.2068 -0.6365 0.7792, 0.285 -0.6056 0.7792, 0.4169 -0.5227 0.7792, 0.3586 -0.5651 0.7792, 0.3165 -0.5882 0.7792, 0.4266 -0.5157 0.7792, 0.4879 -0.4582 0.7792, 0.5736 -0.3427 0.7792, 0.5415 -0.3934 0.7792, 0.5032 -0.4397 0.7792, 0.5865 -0.3224 0.7792, 0.6223 -0.2464 0.7792, 0.626 -0.235 0.7792, 0.6483 -0.1664 0.7792, 0.6573 -0.1193 0.7792, 0.664 -0.0839 0.7792, 0.6693 -0.0 0.7792, -0.6646 0.084 0.7838, -0.6228 0.2466 0.7838, -0.587 0.3227 0.7838, -0.427 0.5161 0.7838, -0.207 0.6371 0.7838, -0.1255 0.658 0.7838, 0.0421 0.6685 0.7838, 0.1255 0.658 0.7838, 0.3589 0.5656 0.7838, 0.5419 0.3937 0.7838, 0.587 0.3227 0.7838, 0.6488 0.1666 0.7838, 0.6646 0.084 0.7838, 0.6488 -0.1666 0.7838, 0.5419 -0.3937 0.7838, 0.4883 -0.4585 0.7838, 0.3589 -0.5656 0.7838, 0.2852 -0.6061 0.7838, 0.0421 -0.6685 0.7838, -0.207 -0.6371 0.7838, -0.2852 -0.6061 0.7838, -0.427 -0.5161 0.7838, -0.4883 -0.4585 0.7838, -0.6228 -0.2466 0.7838, -0.6698 0.0 0.7838, -0.6937 0.0876 0.796, -0.6773 0.1739 0.796, -0.6502 0.2574 0.796, -0.5657 0.411 0.796, -0.5097 0.4787 0.796, -0.4457 0.5388 0.796, -0.2977 0.6327 0.796, -0.2161 0.665 0.796, -0.131 0.6869 0.796, 0.0439 0.6979 0.796, 0.2161 0.665 0.796, 0.3747 0.5904 0.796, 0.5097 0.4787 0.796, 0.6128 0.3369 0.796, 0.6773 0.1739 0.796, 0.6937 -0.0876 0.796, 0.6773 -0.1739 0.796, 0.6502 -0.2574 0.796, 0.5657 -0.411 0.796, 0.5097 -0.4787 0.796, 0.4457 -0.5388 0.796, 0.2977 -0.6327 0.796, 0.2161 -0.665 0.796, 0.131 -0.6869 0.796, -0.0439 -0.6979 0.796, -0.2161 -0.665 0.796, -0.3747 -0.5904 0.796, -0.5097 -0.4787 0.796, -0.6128 -0.3369 0.796, -0.6773 -0.1739 0.796, -0.6502 -0.2574 0.796, -0.6732 -0.1729 0.798, -0.6462 -0.2559 0.798, -0.6688 -0.1717 0.7989, -0.642 -0.2542 0.7989, -0.6643 -0.1706 0.7987, -0.6377 -0.2525 0.7987, -0.66 -0.1695 0.7974, -0.6336 -0.2509 0.7974, -0.6561 -0.1685 0.7952, -0.6298 -0.2494 0.7952, -0.6528 -0.1676 0.792, -0.6267 -0.2481 0.792, -0.6503 -0.167 0.7882, -0.6243 -0.2472 0.7882, -0.6488 -0.1666 0.7838, 0.0439 -0.6979 0.796, -0.0436 -0.6937 0.798, 0.0436 -0.6937 0.798, -0.0434 -0.6892 0.7989, 0.0434 -0.6892 0.7989, -0.0431 -0.6845 0.7987, 0.0431 -0.6845 0.7987, -0.0428 -0.6801 0.7974, 0.0428 -0.6801 0.7974, -0.0425 -0.6761 0.7952, 0.0425 -0.6761 0.7952, -0.0423 -0.6727 0.792, 0.0423 -0.6727 0.792, -0.0422 -0.6701 0.7882, 0.0422 -0.6701 0.7882, -0.0421 -0.6685 0.7838, 0.6462 -0.2559 0.798, 0.6732 -0.1729 0.798, 0.642 -0.2542 0.7989, 0.6688 -0.1717 0.7989, 0.6377 -0.2525 0.7987, 0.6643 -0.1706 0.7987, 0.6336 -0.2509 0.7974, 0.66 -0.1695 0.7974, 0.6298 -0.2494 0.7952, 0.6561 -0.1685 0.7952, 0.6267 -0.2481 0.792, 0.6528 -0.1676 0.792, 0.6243 -0.2472 0.7882, 0.6503 -0.167 0.7882, 0.6228 -0.2466 0.7838, 0.4457 0.5388 0.796, 0.443 0.5356 0.798, 0.3724 0.5869 0.798, 0.4402 0.5321 0.7989, 0.37 0.583 0.7989, 0.4372 0.5285 0.7987, 0.3675 0.5791 0.7987, 0.4344 0.5251 0.7974, 0.3651 0.5754 0.7974, 0.4318 0.522 0.7952, 0.363 0.572 0.7952, 0.4296 0.5193 0.792, 0.3612 0.5691 0.792, 0.428 0.5174 0.7882, 0.3598 0.5669 0.7882, 0.427 0.5161 0.7838, -0.3747 0.5904 0.796, -0.3724 0.5869 0.798, -0.443 0.5356 0.798, -0.37 0.583 0.7989, -0.4402 0.5321 0.7989, -0.3675 0.5791 0.7987, -0.4372 0.5285 0.7987, -0.3651 0.5754 0.7974, -0.4344 0.5251 0.7974, -0.363 0.572 0.7952, -0.4318 0.522 0.7952, -0.3612 0.5691 0.792, -0.4296 0.5193 0.792, -0.3598 0.5669 0.7882, -0.428 0.5174 0.7882, -0.3589 0.5656 0.7838, -0.6646 -0.084 0.7838, -0.6661 -0.0842 0.7882, -0.6714 0.0 0.7882, -0.6687 -0.0845 0.792, -0.674 0.0 0.792, -0.6721 -0.0849 0.7952, -0.6774 0.0 0.7952, -0.6761 -0.0854 0.7974, -0.6814 0.0 0.7974, -0.6805 -0.086 0.7987, -0.6859 0.0 0.7987, -0.6851 -0.0865 0.7989, -0.6905 0.0 0.7989, -0.6896 -0.0871 0.798, -0.6951 0.0 0.798, -0.6937 -0.0876 0.796, -0.6993 0.0 0.796, -0.587 -0.3227 0.7838, -0.5884 -0.3235 0.7882, -0.5906 -0.3247 0.792, -0.5936 -0.3263 0.7952, -0.5972 -0.3283 0.7974, -0.6011 -0.3304 0.7987, -0.6051 -0.3327 0.7989, -0.6091 -0.3348 0.798, -0.5657 -0.411 0.796, -0.5623 -0.4085 0.798, -0.5586 -0.4059 0.7989, -0.5549 -0.4032 0.7987, -0.5513 -0.4005 0.7974, -0.548 -0.3982 0.7952, -0.5453 -0.3962 0.792, -0.5432 -0.3947 0.7882, -0.5419 -0.3937 0.7838, -0.5067 -0.4758 0.798, -0.5034 -0.4727 0.7989, -0.5 -0.4695 0.7987, -0.4968 -0.4665 0.7974, -0.4938 -0.4637 0.7952, -0.4913 -0.4614 0.792, -0.4895 -0.4596 0.7882, -0.4457 -0.5388 0.796, -0.443 -0.5356 0.798, -0.4402 -0.5321 0.7989, -0.4372 -0.5285 0.7987, -0.4344 -0.5251 0.7974, -0.4318 -0.522 0.7952, -0.4296 -0.5193 0.792, -0.428 -0.5174 0.7882, -0.3589 -0.5656 0.7838, -0.3598 -0.5669 0.7882, -0.3612 -0.5691 0.792, -0.363 -0.572 0.7952, -0.3651 -0.5754 0.7974, -0.3675 -0.5791 0.7987, -0.37 -0.583 0.7989, -0.3724 -0.5869 0.798, -0.2977 -0.6327 0.796, -0.2959 -0.6289 0.798, -0.294 -0.6248 0.7989, -0.292 -0.6206 0.7987, -0.2901 -0.6166 0.7974, -0.2884 -0.6129 0.7952, -0.287 -0.6099 0.792, -0.2859 -0.6075 0.7882, -0.2148 -0.661 0.798, -0.2134 -0.6567 0.7989, -0.212 -0.6523 0.7987, -0.2106 -0.6481 0.7974, -0.2093 -0.6443 0.7952, -0.2083 -0.641 0.792, -0.2075 -0.6386 0.7882, -0.1255 -0.658 0.7838, -0.1258 -0.6595 0.7882, -0.1263 -0.6621 0.792, -0.1269 -0.6654 0.7952, -0.1277 -0.6694 0.7974, -0.1285 -0.6737 0.7987, -0.1294 -0.6783 0.7989, -0.1302 -0.6827 0.798, -0.131 -0.6869 0.796, 0.1255 -0.658 0.7838, 0.1258 -0.6595 0.7882, 0.1263 -0.6621 0.792, 0.1269 -0.6654 0.7952, 0.1277 -0.6694 0.7974, 0.1285 -0.6737 0.7987, 0.1294 -0.6783 0.7989, 0.1302 -0.6827 0.798, 0.2148 -0.661 0.798, 0.2134 -0.6567 0.7989, 0.212 -0.6523 0.7987, 0.2106 -0.6481 0.7974, 0.2093 -0.6443 0.7952, 0.2083 -0.641 0.792, 0.2075 -0.6386 0.7882, 0.207 -0.6371 0.7838, 0.2959 -0.6289 0.798, 0.294 -0.6248 0.7989, 0.292 -0.6206 0.7987, 0.2901 -0.6166 0.7974, 0.2884 -0.6129 0.7952, 0.287 -0.6099 0.792, 0.2859 -0.6075 0.7882, 0.3747 -0.5904 0.796, 0.3724 -0.5869 0.798, 0.37 -0.583 0.7989, 0.3675 -0.5791 0.7987, 0.3651 -0.5754 0.7974, 0.363 -0.572 0.7952, 0.3612 -0.5691 0.792, 0.3598 -0.5669 0.7882, 0.427 -0.5161 0.7838, 0.428 -0.5174 0.7882, 0.4296 -0.5193 0.792, 0.4318 -0.522 0.7952, 0.4344 -0.5251 0.7974, 0.4372 -0.5285 0.7987, 0.4402 -0.5321 0.7989, 0.443 -0.5356 0.798, 0.5067 -0.4758 0.798, 0.5034 -0.4727 0.7989, 0.5 -0.4695 0.7987, 0.4968 -0.4665 0.7974, 0.4938 -0.4637 0.7952, 0.4913 -0.4614 0.792, 0.4895 -0.4596 0.7882, 0.5623 -0.4085 0.798, 0.5586 -0.4059 0.7989, 0.5549 -0.4032 0.7987, 0.5513 -0.4005 0.7974, 0.548 -0.3982 0.7952, 0.5453 -0.3962 0.792, 0.5432 -0.3947 0.7882, 0.587 -0.3227 0.7838, 0.5884 -0.3235 0.7882, 0.5906 -0.3247 0.792, 0.5936 -0.3263 0.7952, 0.5972 -0.3283 0.7974, 0.6011 -0.3304 0.7987, 0.6051 -0.3327 0.7989, 0.6091 -0.3348 0.798, 0.6128 -0.3369 0.796, 0.6646 -0.084 0.7838, 0.6661 -0.0842 0.7882, 0.6687 -0.0845 0.792, 0.6721 -0.0849 0.7952, 0.6761 -0.0854 0.7974, 0.6805 -0.086 0.7987, 0.6851 -0.0865 0.7989, 0.6896 -0.0871 0.798, 0.6993 -0.0 0.796, 0.6951 -0.0 0.798, 0.6905 -0.0 0.7989, 0.6859 -0.0 0.7987, 0.6814 -0.0 0.7974, 0.6774 -0.0 0.7952, 0.674 -0.0 0.792, 0.6714 -0.0 0.7882, 0.6698 -0.0 0.7838, 0.6937 0.0876 0.796, 0.6896 0.0871 0.798, 0.6851 0.0865 0.7989, 0.6805 0.086 0.7987, 0.6761 0.0854 0.7974, 0.6721 0.0849 0.7952, 0.6687 0.0845 0.792, 0.6661 0.0842 0.7882, 0.6732 0.1729 0.798, 0.6688 0.1717 0.7989, 0.6643 0.1706 0.7987, 0.66 0.1695 0.7974, 0.6561 0.1685 0.7952, 0.6528 0.1676 0.792, 0.6503 0.167 0.7882, 0.6228 0.2466 0.7838, 0.6243 0.2472 0.7882, 0.6267 0.2481 0.792, 0.6298 0.2494 0.7952, 0.6336 0.2509 0.7974, 0.6377 0.2525 0.7987, 0.642 0.2542 0.7989, 0.6462 0.2559 0.798, 0.6502 0.2574 0.796, 0.6091 0.3348 0.798, 0.6051 0.3327 0.7989, 0.6011 0.3304 0.7987, 0.5972 0.3283 0.7974, 0.5936 0.3263 0.7952, 0.5906 0.3247 0.792, 0.5884 0.3235 0.7882, 0.5657 0.411 0.796, 0.5623 0.4085 0.798, 0.5586 0.4059 0.7989, 0.5549 0.4032 0.7987, 0.5513 0.4005 0.7974, 0.548 0.3982 0.7952, 0.5453 0.3962 0.792, 0.5432 0.3947 0.7882, 0.4883 0.4585 0.7838, 0.4895 0.4596 0.7882, 0.4913 0.4614 0.792, 0.4938 0.4637 0.7952, 0.4968 0.4665 0.7974, 0.5 0.4695 0.7987, 0.5034 0.4727 0.7989, 0.5067 0.4758 0.798, 0.2852 0.6061 0.7838, 0.2859 0.6075 0.7882, 0.287 0.6099 0.792, 0.2884 0.6129 0.7952, 0.2901 0.6166 0.7974, 0.292 0.6206 0.7987, 0.294 0.6248 0.7989, 0.2959 0.6289 0.798, 0.2977 0.6327 0.796, 0.2148 0.661 0.798, 0.2134 0.6567 0.7989, 0.212 0.6523 0.7987, 0.2106 0.6481 0.7974, 0.2093 0.6443 0.7952, 0.2083 0.641 0.792, 0.2075 0.6386 0.7882, 0.207 0.6371 0.7838, 0.131 0.6869 0.796, 0.1302 0.6827 0.798, 0.1294 0.6783 0.7989, 0.1285 0.6737 0.7987, 0.1277 0.6694 0.7974, 0.1269 0.6654 0.7952, 0.1263 0.6621 0.792, 0.1258 0.6595 0.7882, 0.0436 0.6937 0.798, 0.0434 0.6892 0.7989, 0.0431 0.6845 0.7987, 0.0428 0.6801 0.7974, 0.0425 0.6761 0.7952, 0.0423 0.6727 0.792, 0.0422 0.6701 0.7882, -0.0421 0.6685 0.7838, -0.0422 0.6701 0.7882, -0.0423 0.6727 0.792, -0.0425 0.6761 0.7952, -0.0428 0.6801 0.7974, -0.0431 0.6845 0.7987, -0.0434 0.6892 0.7989, -0.0436 0.6937 0.798, -0.0439 0.6979 0.796, -0.1302 0.6827 0.798, -0.1294 0.6783 0.7989, -0.1285 0.6737 0.7987, -0.1277 0.6694 0.7974, -0.1269 0.6654 0.7952, -0.1263 0.6621 0.792, -0.1258 0.6595 0.7882, -0.2148 0.661 0.798, -0.2134 0.6567 0.7989, -0.212 0.6523 0.7987, -0.2106 0.6481 0.7974, -0.2093 0.6443 0.7952, -0.2083 0.641 0.792, -0.2075 0.6386 0.7882, -0.2852 0.6061 0.7838, -0.2859 0.6075 0.7882, -0.287 0.6099 0.792, -0.2884 0.6129 0.7952, -0.2901 0.6166 0.7974, -0.292 0.6206 0.7987, -0.294 0.6248 0.7989, -0.2959 0.6289 0.798, -0.4883 0.4585 0.7838, -0.4895 0.4596 0.7882, -0.4913 0.4614 0.792, -0.4938 0.4637 0.7952, -0.4968 0.4665 0.7974, -0.5 0.4695 0.7987, -0.5034 0.4727 0.7989, -0.5067 0.4758 0.798, -0.5623 0.4085 0.798, -0.5586 0.4059 0.7989, -0.5549 0.4032 0.7987, -0.5513 0.4005 0.7974, -0.548 0.3982 0.7952, -0.5453 0.3962 0.792, -0.5432 0.3947 0.7882, -0.5419 0.3937 0.7838, -0.6128 0.3369 0.796, -0.6091 0.3348 0.798, -0.6051 0.3327 0.7989, -0.6011 0.3304 0.7987, -0.5972 0.3283 0.7974, -0.5936 0.3263 0.7952, -0.5906 0.3247 0.792, -0.5884 0.3235 0.7882, -0.6462 0.2559 0.798, -0.642 0.2542 0.7989, -0.6377 0.2525 0.7987, -0.6336 0.2509 0.7974, -0.6298 0.2494 0.7952, -0.6267 0.2481 0.792, -0.6243 0.2472 0.7882, -0.6488 0.1666 0.7838, -0.6503 0.167 0.7882, -0.6528 0.1676 0.792, -0.6561 0.1685 0.7952, -0.66 0.1695 0.7974, -0.6643 0.1706 0.7987, -0.6688 0.1717 0.7989, -0.6732 0.1729 0.798, -0.6896 0.0871 0.798, -0.6851 0.0865 0.7989, -0.6805 0.086 0.7987, -0.6761 0.0854 0.7974, -0.6721 0.0849 0.7952, -0.6687 0.0845 0.792, -0.6661 0.0842 0.7882, -0.2362 -1.4567 0.0751, -0.2362 -1.3806 0.0547, -0.2362 -1.4567 0.075, -0.2362 -1.3886 0.0356, -0.2362 -1.4568 0.0749, -0.2362 -1.4011 0.0192, -0.2362 -1.4569 0.0749, -0.2362 -1.4175 0.0067, -0.2362 -1.457 0.0748, -0.2362 -1.4366 -0.0012, -0.2362 -1.4571 0.0748, -0.2362 -1.4571 -0.0039, 0.2362 -1.4571 0.0748, 0.2362 -1.4571 -0.0039, 0.2362 -1.457 0.0748, 0.2362 -1.4366 -0.0012, 0.2362 -1.4569 0.0749, 0.2362 -1.4175 0.0067, 0.2362 -1.4568 0.0749, 0.2362 -1.4011 0.0192, 0.2362 -1.4567 0.075, 0.2362 -1.3886 0.0356, 0.2362 -1.4567 0.0751, 0.2362 -1.3806 0.0547, -0.2362 -1.6929 -0.0039, -0.2362 -1.6929 0.0748, 0.2362 -1.6929 0.0748, 0.2362 -1.6929 -0.0039, 0.2362 1.4567 0.0751, 0.2362 1.3799 0.0576, 0.2362 1.4567 0.075, 0.2362 1.3858 0.0409, 0.2362 1.4568 0.075, 0.2362 1.3952 0.0259, 0.2362 1.4568 0.0749, 0.2362 1.4077 0.0133, 0.2362 1.4569 0.0748, 0.2362 1.4228 0.0039, 0.2362 1.457 0.0748, 0.2362 1.4395 -0.002, 0.2362 1.4571 0.0748, 0.2362 1.4571 -0.0039, -0.2362 1.4571 0.0748, -0.2362 1.4571 -0.0039, -0.2362 1.457 0.0748, -0.2362 1.4395 -0.002, -0.2362 1.4569 0.0748, -0.2362 1.4228 0.0039, -0.2362 1.4568 0.0749, -0.2362 1.4077 0.0133, -0.2362 1.4568 0.075, -0.2362 1.3952 0.0259, -0.2362 1.4567 0.075, -0.2362 1.3858 0.0409, -0.2362 1.4567 0.0751, -0.2362 1.3799 0.0576, 0.2362 1.6929 -0.0039, 0.2362 1.6929 0.0748, -0.2362 1.6929 0.0748, -0.2362 1.6929 -0.0039
            ]
        }
        coordIndex [
            0,1,2,-1,2,1,3,-1,2,3,4,-1,4,3,5,-1,6,7,8,-1,8,7,4,-1,8,4,9,-1,9,4,5,-1,9,5,10,-1,10,5,11,-1,12,13,14,-1,14,13,15,-1,14,15,16,-1,17,18,19,-1,19,18,20,-1,19,20,21,-1,22,23,21,-1,21,23,16,-1,21,16,19,-1,19,16,15,-1,24,25,26,-1,27,28,29,-1,30,31,26,-1,32,33,34,-1,31,35,26,-1,26,35,36,-1,26,36,37,-1,38,39,26,-1,26,39,40,-1,26,40,30,-1,41,42,43,-1,24,44,45,-1,46,47,48,-1,49,50,34,-1,34,50,51,-1,34,51,32,-1,32,51,52,-1,37,53,26,-1,26,53,54,-1,26,54,24,-1,24,54,55,-1,24,55,44,-1,45,56,24,-1,24,56,57,-1,24,57,58,-1,59,60,52,-1,52,60,46,-1,52,46,32,-1,32,46,61,-1,32,61,62,-1,58,63,24,-1,24,63,64,-1,24,64,41,-1,41,64,65,-1,41,65,66,-1,67,68,48,-1,69,70,43,-1,43,70,71,-1,43,71,41,-1,41,71,27,-1,41,27,24,-1,24,27,29,-1,39,72,40,-1,40,72,32,-1,40,32,73,-1,73,32,62,-1,66,74,41,-1,41,74,75,-1,41,75,76,-1,76,77,41,-1,41,77,78,-1,41,78,48,-1,48,78,79,-1,48,79,67,-1,68,80,48,-1,48,80,81,-1,48,81,82,-1,82,83,48,-1,48,83,84,-1,48,84,46,-1,46,84,85,-1,46,85,61,-1,86,87,88,-1,89,90,91,-1,92,93,94,-1,95,96,97,-1,98,99,86,-1,100,101,97,-1,97,101,102,-1,97,102,95,-1,103,104,105,-1,105,104,106,-1,107,108,109,-1,110,111,112,-1,112,111,113,-1,114,115,116,-1,116,115,97,-1,116,97,107,-1,107,97,96,-1,107,96,108,-1,117,101,118,-1,118,101,119,-1,88,107,86,-1,86,107,109,-1,86,109,98,-1,98,109,120,-1,98,120,121,-1,103,122,104,-1,104,122,123,-1,104,123,124,-1,124,123,125,-1,124,125,101,-1,101,125,126,-1,101,126,119,-1,117,127,101,-1,101,127,128,-1,101,128,102,-1,121,129,98,-1,98,129,130,-1,98,130,131,-1,132,133,113,-1,113,133,134,-1,113,134,106,-1,104,135,106,-1,106,135,136,-1,106,136,113,-1,113,136,137,-1,113,137,112,-1,94,138,139,-1,140,141,113,-1,113,141,142,-1,113,142,132,-1,91,92,89,-1,89,92,94,-1,89,94,113,-1,113,94,139,-1,113,139,140,-1,143,144,94,-1,94,144,145,-1,131,146,98,-1,98,146,147,-1,98,147,94,-1,94,147,148,-1,94,148,143,-1,145,149,94,-1,94,149,150,-1,94,150,138,-1,104,39,135,-1,135,39,38,-1,39,104,72,-1,72,104,124,-1,100,97,151,-1,151,97,115,-1,115,152,151,-1,151,152,153,-1,151,153,154,-1,154,153,155,-1,154,155,156,-1,156,155,157,-1,156,157,158,-1,158,157,159,-1,158,159,160,-1,160,159,1,-1,160,1,0,-1,13,12,161,-1,161,12,162,-1,161,162,163,-1,163,162,164,-1,163,164,165,-1,165,164,166,-1,165,166,167,-1,167,166,168,-1,167,168,169,-1,169,168,170,-1,169,170,33,-1,33,170,34,-1,112,137,110,-1,110,137,171,-1,110,171,172,-1,172,171,173,-1,172,173,174,-1,174,173,175,-1,174,175,176,-1,176,175,177,-1,176,177,178,-1,178,177,179,-1,178,179,180,-1,180,179,7,-1,180,7,6,-1,18,17,181,-1,181,17,182,-1,181,182,183,-1,183,182,184,-1,183,184,185,-1,185,184,186,-1,185,186,187,-1,187,186,188,-1,187,188,189,-1,189,188,190,-1,189,190,24,-1,24,190,25,-1,86,99,87,-1,87,99,191,-1,87,191,192,-1,192,191,193,-1,192,193,194,-1,194,193,195,-1,194,195,196,-1,196,195,197,-1,196,197,198,-1,198,197,199,-1,198,199,200,-1,200,199,201,-1,200,201,202,-1,203,204,205,-1,205,204,206,-1,205,206,207,-1,207,206,208,-1,207,208,209,-1,209,208,210,-1,209,210,211,-1,211,210,212,-1,211,212,213,-1,213,212,214,-1,213,214,46,-1,46,214,47,-1,22,21,10,-1,10,21,9,-1,215,216,217,-1,217,216,218,-1,217,218,219,-1,219,218,220,-1,202,201,221,-1,221,201,219,-1,221,219,222,-1,222,219,220,-1,222,220,223,-1,223,220,224,-1,204,203,225,-1,225,203,226,-1,225,226,227,-1,227,226,228,-1,229,230,231,-1,231,230,227,-1,231,227,232,-1,232,227,228,-1,232,228,233,-1,233,228,234,-1,234,228,223,-1,223,228,222,-1,5,3,16,-1,16,3,14,-1,228,226,222,-1,222,226,221,-1,111,110,28,-1,28,110,29,-1,91,90,69,-1,69,90,70,-1,88,87,59,-1,59,87,60,-1,115,114,49,-1,49,114,50,-1,70,235,236,-1,235,70,237,-1,71,70,238,-1,238,70,239,-1,236,240,70,-1,70,240,241,-1,70,241,239,-1,90,242,70,-1,70,242,243,-1,70,243,244,-1,244,245,70,-1,70,245,246,-1,70,246,237,-1,27,247,28,-1,28,247,248,-1,28,248,249,-1,250,251,28,-1,28,251,252,-1,28,252,253,-1,253,254,28,-1,28,254,255,-1,28,255,111,-1,256,250,257,-1,257,250,28,-1,257,28,258,-1,258,28,249,-1,89,113,90,-1,90,113,111,-1,90,111,242,-1,111,255,242,-1,242,255,254,-1,242,254,243,-1,243,254,253,-1,243,253,244,-1,244,253,252,-1,244,252,245,-1,245,252,251,-1,245,251,246,-1,246,251,250,-1,246,250,237,-1,235,256,236,-1,236,256,257,-1,236,257,240,-1,240,257,258,-1,240,258,241,-1,241,258,249,-1,241,249,239,-1,239,249,248,-1,239,248,238,-1,238,248,247,-1,238,247,71,-1,71,247,27,-1,259,260,256,-1,256,260,250,-1,261,262,237,-1,237,262,235,-1,260,261,250,-1,250,261,237,-1,235,262,256,-1,256,262,259,-1,261,260,262,-1,262,260,259,-1,50,263,264,-1,263,50,265,-1,51,50,266,-1,266,50,267,-1,264,268,50,-1,50,268,269,-1,50,269,267,-1,114,270,50,-1,50,270,271,-1,50,271,272,-1,272,273,50,-1,50,273,274,-1,50,274,265,-1,52,275,59,-1,59,275,276,-1,59,276,277,-1,278,279,59,-1,59,279,280,-1,59,280,281,-1,281,282,59,-1,59,282,283,-1,59,283,88,-1,284,278,285,-1,285,278,59,-1,285,59,286,-1,286,59,277,-1,116,107,114,-1,114,107,88,-1,114,88,270,-1,88,283,270,-1,270,283,282,-1,270,282,271,-1,271,282,281,-1,271,281,272,-1,272,281,280,-1,272,280,273,-1,273,280,279,-1,273,279,274,-1,274,279,278,-1,274,278,265,-1,263,284,264,-1,264,284,285,-1,264,285,268,-1,268,285,286,-1,268,286,269,-1,269,286,277,-1,269,277,267,-1,267,277,276,-1,267,276,266,-1,266,276,275,-1,266,275,51,-1,51,275,52,-1,287,288,284,-1,284,288,278,-1,289,290,265,-1,265,290,263,-1,288,289,278,-1,278,289,265,-1,263,290,284,-1,284,290,287,-1,289,288,290,-1,290,288,287,-1,200,202,60,-1,60,202,203,-1,203,205,60,-1,60,205,207,-1,60,207,209,-1,209,211,60,-1,60,211,213,-1,60,213,46,-1,87,192,60,-1,60,192,194,-1,194,196,60,-1,60,196,198,-1,60,198,200,-1,291,91,69,-1,216,292,69,-1,69,292,293,-1,229,216,294,-1,294,216,69,-1,294,69,295,-1,295,69,296,-1,43,297,69,-1,69,297,298,-1,69,298,296,-1,293,299,69,-1,69,299,300,-1,69,300,291,-1,93,92,301,-1,301,92,91,-1,91,291,301,-1,301,291,300,-1,301,300,302,-1,302,300,299,-1,302,299,303,-1,303,299,293,-1,303,293,304,-1,304,293,292,-1,304,292,305,-1,305,292,216,-1,305,216,215,-1,230,229,306,-1,306,229,294,-1,306,294,307,-1,307,294,295,-1,307,295,308,-1,308,295,296,-1,308,296,309,-1,309,296,298,-1,309,298,310,-1,310,298,297,-1,310,297,42,-1,42,297,43,-1,231,218,229,-1,229,218,216,-1,221,226,202,-1,202,226,203,-1,220,218,232,-1,232,218,231,-1,152,115,49,-1,162,12,1,-1,164,162,49,-1,162,1,49,-1,49,1,159,-1,49,159,157,-1,49,34,170,-1,157,155,49,-1,49,155,153,-1,49,153,152,-1,170,168,49,-1,49,168,166,-1,49,166,164,-1,14,3,12,-1,12,3,1,-1,21,20,9,-1,9,20,8,-1,180,6,29,-1,29,6,18,-1,18,181,29,-1,29,181,183,-1,29,183,185,-1,185,187,29,-1,29,187,189,-1,29,189,24,-1,110,172,29,-1,29,172,174,-1,174,176,29,-1,29,176,178,-1,29,178,180,-1,8,20,6,-1,6,20,18,-1,220,232,224,-1,224,232,233,-1,5,16,11,-1,11,16,23,-1,311,312,145,-1,313,314,138,-1,315,316,142,-1,317,318,118,-1,319,320,128,-1,102,321,322,-1,102,322,95,-1,128,320,102,-1,102,320,323,-1,102,323,321,-1,319,128,324,-1,324,128,127,-1,324,127,325,-1,325,127,326,-1,326,127,117,-1,326,117,327,-1,118,318,117,-1,117,318,328,-1,117,328,327,-1,317,118,329,-1,329,118,119,-1,329,119,330,-1,330,119,331,-1,331,119,126,-1,331,126,332,-1,123,333,334,-1,123,334,125,-1,334,335,125,-1,125,335,336,-1,125,336,126,-1,126,336,337,-1,126,337,332,-1,333,123,338,-1,338,123,122,-1,338,122,339,-1,105,340,341,-1,105,341,103,-1,341,342,103,-1,103,342,343,-1,103,343,122,-1,122,343,344,-1,122,344,339,-1,340,105,345,-1,345,105,106,-1,345,106,346,-1,133,347,348,-1,133,348,134,-1,348,349,134,-1,134,349,350,-1,134,350,106,-1,106,350,351,-1,106,351,346,-1,347,133,352,-1,352,133,132,-1,352,132,353,-1,142,316,132,-1,132,316,354,-1,132,354,353,-1,315,142,355,-1,355,142,141,-1,355,141,356,-1,356,141,140,-1,356,140,357,-1,357,140,358,-1,358,140,139,-1,358,139,359,-1,138,314,139,-1,139,314,360,-1,139,360,359,-1,313,138,361,-1,361,138,150,-1,361,150,362,-1,362,150,363,-1,363,150,149,-1,363,149,364,-1,145,312,149,-1,149,312,365,-1,149,365,364,-1,311,145,366,-1,366,145,144,-1,366,144,367,-1,367,144,368,-1,368,144,143,-1,368,143,369,-1,147,370,371,-1,147,371,148,-1,371,372,148,-1,148,372,373,-1,148,373,143,-1,143,373,374,-1,143,374,369,-1,370,147,375,-1,375,147,146,-1,375,146,376,-1,130,377,378,-1,130,378,131,-1,378,379,131,-1,131,379,380,-1,131,380,146,-1,146,380,381,-1,146,381,376,-1,377,130,382,-1,382,130,129,-1,382,129,383,-1,120,384,385,-1,120,385,121,-1,385,386,121,-1,121,386,387,-1,121,387,129,-1,129,387,388,-1,129,388,383,-1,384,120,389,-1,389,120,109,-1,389,109,390,-1,108,391,109,-1,109,391,392,-1,109,392,390,-1,322,393,95,-1,95,393,394,-1,95,394,96,-1,96,394,395,-1,96,395,108,-1,108,395,396,-1,108,396,391,-1,397,61,85,-1,398,62,399,-1,399,62,61,-1,399,61,400,-1,400,61,397,-1,398,401,62,-1,62,401,402,-1,62,402,73,-1,403,40,404,-1,404,40,73,-1,404,73,405,-1,405,73,402,-1,403,406,40,-1,40,406,407,-1,40,407,30,-1,407,408,30,-1,30,408,409,-1,30,409,31,-1,409,410,31,-1,31,410,411,-1,31,411,35,-1,411,412,35,-1,35,412,413,-1,35,413,36,-1,414,37,415,-1,415,37,36,-1,415,36,416,-1,416,36,413,-1,414,417,37,-1,37,417,418,-1,37,418,53,-1,419,54,420,-1,420,54,53,-1,420,53,421,-1,421,53,418,-1,419,422,54,-1,54,422,423,-1,54,423,55,-1,423,424,55,-1,55,424,425,-1,55,425,44,-1,425,426,44,-1,44,426,427,-1,44,427,45,-1,427,428,45,-1,45,428,429,-1,45,429,56,-1,429,430,56,-1,56,430,431,-1,56,431,57,-1,432,58,433,-1,433,58,57,-1,433,57,434,-1,434,57,431,-1,435,63,436,-1,436,63,58,-1,436,58,437,-1,437,58,432,-1,435,438,63,-1,63,438,439,-1,63,439,64,-1,439,440,64,-1,64,440,441,-1,64,441,65,-1,441,442,65,-1,65,442,443,-1,65,443,66,-1,443,444,66,-1,66,444,445,-1,66,445,74,-1,446,75,447,-1,447,75,74,-1,447,74,448,-1,448,74,445,-1,446,449,75,-1,75,449,450,-1,75,450,76,-1,451,77,452,-1,452,77,76,-1,452,76,453,-1,453,76,450,-1,451,454,77,-1,77,454,455,-1,77,455,78,-1,455,456,78,-1,78,456,457,-1,78,457,79,-1,457,458,79,-1,79,458,459,-1,79,459,67,-1,459,460,67,-1,67,460,461,-1,67,461,68,-1,462,80,463,-1,463,80,68,-1,463,68,464,-1,464,68,461,-1,462,465,80,-1,80,465,466,-1,80,466,81,-1,467,82,468,-1,468,82,81,-1,468,81,469,-1,469,81,466,-1,467,470,82,-1,82,470,471,-1,82,471,83,-1,471,472,83,-1,83,472,473,-1,83,473,84,-1,473,474,84,-1,84,474,475,-1,84,475,85,-1,85,475,476,-1,85,476,397,-1,437,432,477,-1,434,431,478,-1,430,429,479,-1,426,425,480,-1,419,420,481,-1,421,418,482,-1,414,415,483,-1,416,413,484,-1,410,409,485,-1,403,404,486,-1,405,402,487,-1,398,399,488,-1,400,397,489,-1,474,473,490,-1,467,468,491,-1,469,466,492,-1,462,463,493,-1,464,461,494,-1,458,457,495,-1,451,452,496,-1,453,450,497,-1,446,447,498,-1,448,445,499,-1,442,441,500,-1,435,436,501,-1,316,315,502,-1,353,354,503,-1,347,352,504,-1,350,349,505,-1,346,351,506,-1,340,345,507,-1,343,342,508,-1,339,344,509,-1,333,338,510,-1,336,335,511,-1,330,331,512,-1,318,317,513,-1,325,326,514,-1,320,319,515,-1,393,322,516,-1,391,396,517,-1,390,392,518,-1,384,389,519,-1,387,386,520,-1,383,388,521,-1,377,382,522,-1,380,379,523,-1,376,381,524,-1,370,375,525,-1,373,372,526,-1,367,368,527,-1,312,311,528,-1,362,363,529,-1,314,313,530,-1,357,358,531,-1,314,530,360,-1,312,528,365,-1,373,526,374,-1,320,515,323,-1,318,513,328,-1,336,511,337,-1,358,359,531,-1,531,359,532,-1,531,532,533,-1,533,532,534,-1,533,534,535,-1,535,534,536,-1,535,536,537,-1,537,536,538,-1,537,538,539,-1,539,538,540,-1,539,540,541,-1,541,540,542,-1,541,542,543,-1,543,542,544,-1,543,544,545,-1,545,544,546,-1,545,546,547,-1,547,546,500,-1,372,371,526,-1,526,371,548,-1,526,548,549,-1,549,548,550,-1,549,550,551,-1,551,550,552,-1,551,552,553,-1,553,552,554,-1,553,554,555,-1,555,554,556,-1,555,556,557,-1,557,556,558,-1,557,558,559,-1,559,558,560,-1,559,560,561,-1,561,560,562,-1,561,562,563,-1,563,562,495,-1,389,390,519,-1,519,390,518,-1,519,518,564,-1,564,518,565,-1,564,565,566,-1,566,565,567,-1,566,567,568,-1,568,567,569,-1,568,569,570,-1,570,569,571,-1,570,571,572,-1,572,571,573,-1,572,573,574,-1,574,573,575,-1,574,575,576,-1,576,575,577,-1,576,577,578,-1,578,577,490,-1,327,328,579,-1,579,328,513,-1,579,513,580,-1,580,513,581,-1,580,581,582,-1,582,581,583,-1,582,583,584,-1,584,583,585,-1,584,585,586,-1,586,585,587,-1,586,587,588,-1,588,587,589,-1,588,589,590,-1,590,589,591,-1,590,591,592,-1,592,591,593,-1,592,593,594,-1,594,593,485,-1,341,340,595,-1,595,340,507,-1,595,507,596,-1,596,507,597,-1,596,597,598,-1,598,597,599,-1,598,599,600,-1,600,599,601,-1,600,601,602,-1,602,601,603,-1,602,603,604,-1,604,603,605,-1,604,605,606,-1,606,605,607,-1,606,607,608,-1,608,607,609,-1,608,609,610,-1,610,609,480,-1,438,435,611,-1,611,435,501,-1,611,501,612,-1,612,501,613,-1,612,613,614,-1,614,613,615,-1,614,615,616,-1,616,615,617,-1,616,617,618,-1,618,617,619,-1,618,619,620,-1,620,619,621,-1,620,621,622,-1,622,621,623,-1,622,623,624,-1,624,623,625,-1,624,625,626,-1,626,625,627,-1,626,627,356,-1,356,627,355,-1,356,357,626,-1,626,357,531,-1,626,531,624,-1,624,531,533,-1,624,533,622,-1,622,533,535,-1,622,535,620,-1,620,535,537,-1,620,537,618,-1,618,537,539,-1,618,539,616,-1,616,539,541,-1,616,541,614,-1,614,541,543,-1,614,543,612,-1,612,543,545,-1,612,545,611,-1,611,545,547,-1,611,547,438,-1,438,547,439,-1,500,441,547,-1,547,441,440,-1,547,440,439,-1,443,442,628,-1,628,442,500,-1,628,500,629,-1,629,500,546,-1,629,546,630,-1,630,546,544,-1,630,544,631,-1,631,544,542,-1,631,542,632,-1,632,542,540,-1,632,540,633,-1,633,540,538,-1,633,538,634,-1,634,538,536,-1,634,536,635,-1,635,536,534,-1,635,534,530,-1,530,534,532,-1,530,532,360,-1,360,532,359,-1,313,361,530,-1,530,361,636,-1,530,636,635,-1,635,636,637,-1,635,637,634,-1,634,637,638,-1,634,638,633,-1,633,638,639,-1,633,639,632,-1,632,639,640,-1,632,640,631,-1,631,640,641,-1,631,641,630,-1,630,641,642,-1,630,642,629,-1,629,642,643,-1,629,643,628,-1,628,643,644,-1,628,644,443,-1,443,644,444,-1,361,362,636,-1,636,362,529,-1,636,529,637,-1,637,529,645,-1,637,645,638,-1,638,645,646,-1,638,646,639,-1,639,646,647,-1,639,647,640,-1,640,647,648,-1,640,648,641,-1,641,648,649,-1,641,649,642,-1,642,649,650,-1,642,650,643,-1,643,650,651,-1,643,651,644,-1,644,651,499,-1,644,499,444,-1,444,499,445,-1,363,364,529,-1,529,364,652,-1,529,652,645,-1,645,652,653,-1,645,653,646,-1,646,653,654,-1,646,654,647,-1,647,654,655,-1,647,655,648,-1,648,655,656,-1,648,656,649,-1,649,656,657,-1,649,657,650,-1,650,657,658,-1,650,658,651,-1,651,658,659,-1,651,659,499,-1,499,659,498,-1,499,498,448,-1,448,498,447,-1,449,446,660,-1,660,446,498,-1,660,498,661,-1,661,498,659,-1,661,659,662,-1,662,659,658,-1,662,658,663,-1,663,658,657,-1,663,657,664,-1,664,657,656,-1,664,656,665,-1,665,656,655,-1,665,655,666,-1,666,655,654,-1,666,654,667,-1,667,654,653,-1,667,653,528,-1,528,653,652,-1,528,652,365,-1,365,652,364,-1,311,366,528,-1,528,366,668,-1,528,668,667,-1,667,668,669,-1,667,669,666,-1,666,669,670,-1,666,670,665,-1,665,670,671,-1,665,671,664,-1,664,671,672,-1,664,672,663,-1,663,672,673,-1,663,673,662,-1,662,673,674,-1,662,674,661,-1,661,674,675,-1,661,675,660,-1,660,675,497,-1,660,497,449,-1,449,497,450,-1,366,367,668,-1,668,367,527,-1,668,527,669,-1,669,527,676,-1,669,676,670,-1,670,676,677,-1,670,677,671,-1,671,677,678,-1,671,678,672,-1,672,678,679,-1,672,679,673,-1,673,679,680,-1,673,680,674,-1,674,680,681,-1,674,681,675,-1,675,681,682,-1,675,682,497,-1,497,682,496,-1,497,496,453,-1,453,496,452,-1,454,451,683,-1,683,451,496,-1,683,496,684,-1,684,496,682,-1,684,682,685,-1,685,682,681,-1,685,681,686,-1,686,681,680,-1,686,680,687,-1,687,680,679,-1,687,679,688,-1,688,679,678,-1,688,678,689,-1,689,678,677,-1,689,677,690,-1,690,677,676,-1,690,676,691,-1,691,676,527,-1,691,527,369,-1,369,527,368,-1,369,374,691,-1,691,374,526,-1,691,526,690,-1,690,526,549,-1,690,549,689,-1,689,549,551,-1,689,551,688,-1,688,551,553,-1,688,553,687,-1,687,553,555,-1,687,555,686,-1,686,555,557,-1,686,557,685,-1,685,557,559,-1,685,559,684,-1,684,559,561,-1,684,561,683,-1,683,561,563,-1,683,563,454,-1,454,563,455,-1,495,457,563,-1,563,457,456,-1,563,456,455,-1,459,458,692,-1,692,458,495,-1,692,495,693,-1,693,495,562,-1,693,562,694,-1,694,562,560,-1,694,560,695,-1,695,560,558,-1,695,558,696,-1,696,558,556,-1,696,556,697,-1,697,556,554,-1,697,554,698,-1,698,554,552,-1,698,552,699,-1,699,552,550,-1,699,550,525,-1,525,550,548,-1,525,548,370,-1,370,548,371,-1,375,376,525,-1,525,376,524,-1,525,524,699,-1,699,524,700,-1,699,700,698,-1,698,700,701,-1,698,701,697,-1,697,701,702,-1,697,702,696,-1,696,702,703,-1,696,703,695,-1,695,703,704,-1,695,704,694,-1,694,704,705,-1,694,705,693,-1,693,705,706,-1,693,706,692,-1,692,706,707,-1,692,707,459,-1,459,707,460,-1,381,380,524,-1,524,380,523,-1,524,523,700,-1,700,523,708,-1,700,708,701,-1,701,708,709,-1,701,709,702,-1,702,709,710,-1,702,710,703,-1,703,710,711,-1,703,711,704,-1,704,711,712,-1,704,712,705,-1,705,712,713,-1,705,713,706,-1,706,713,714,-1,706,714,707,-1,707,714,494,-1,707,494,460,-1,460,494,461,-1,379,378,523,-1,523,378,715,-1,523,715,708,-1,708,715,716,-1,708,716,709,-1,709,716,717,-1,709,717,710,-1,710,717,718,-1,710,718,711,-1,711,718,719,-1,711,719,712,-1,712,719,720,-1,712,720,713,-1,713,720,721,-1,713,721,714,-1,714,721,722,-1,714,722,494,-1,494,722,493,-1,494,493,464,-1,464,493,463,-1,465,462,723,-1,723,462,493,-1,723,493,724,-1,724,493,722,-1,724,722,725,-1,725,722,721,-1,725,721,726,-1,726,721,720,-1,726,720,727,-1,727,720,719,-1,727,719,728,-1,728,719,718,-1,728,718,729,-1,729,718,717,-1,729,717,730,-1,730,717,716,-1,730,716,522,-1,522,716,715,-1,522,715,377,-1,377,715,378,-1,382,383,522,-1,522,383,521,-1,522,521,730,-1,730,521,731,-1,730,731,729,-1,729,731,732,-1,729,732,728,-1,728,732,733,-1,728,733,727,-1,727,733,734,-1,727,734,726,-1,726,734,735,-1,726,735,725,-1,725,735,736,-1,725,736,724,-1,724,736,737,-1,724,737,723,-1,723,737,492,-1,723,492,465,-1,465,492,466,-1,388,387,521,-1,521,387,520,-1,521,520,731,-1,731,520,738,-1,731,738,732,-1,732,738,739,-1,732,739,733,-1,733,739,740,-1,733,740,734,-1,734,740,741,-1,734,741,735,-1,735,741,742,-1,735,742,736,-1,736,742,743,-1,736,743,737,-1,737,743,744,-1,737,744,492,-1,492,744,491,-1,492,491,469,-1,469,491,468,-1,470,467,745,-1,745,467,491,-1,745,491,746,-1,746,491,744,-1,746,744,747,-1,747,744,743,-1,747,743,748,-1,748,743,742,-1,748,742,749,-1,749,742,741,-1,749,741,750,-1,750,741,740,-1,750,740,751,-1,751,740,739,-1,751,739,752,-1,752,739,738,-1,752,738,753,-1,753,738,520,-1,753,520,385,-1,385,520,386,-1,385,384,753,-1,753,384,519,-1,753,519,752,-1,752,519,564,-1,752,564,751,-1,751,564,566,-1,751,566,750,-1,750,566,568,-1,750,568,749,-1,749,568,570,-1,749,570,748,-1,748,570,572,-1,748,572,747,-1,747,572,574,-1,747,574,746,-1,746,574,576,-1,746,576,745,-1,745,576,578,-1,745,578,470,-1,470,578,471,-1,490,473,578,-1,578,473,472,-1,578,472,471,-1,475,474,754,-1,754,474,490,-1,754,490,755,-1,755,490,577,-1,755,577,756,-1,756,577,575,-1,756,575,757,-1,757,575,573,-1,757,573,758,-1,758,573,571,-1,758,571,759,-1,759,571,569,-1,759,569,760,-1,760,569,567,-1,760,567,761,-1,761,567,565,-1,761,565,517,-1,517,565,518,-1,517,518,391,-1,391,518,392,-1,396,395,517,-1,517,395,762,-1,517,762,761,-1,761,762,763,-1,761,763,760,-1,760,763,764,-1,760,764,759,-1,759,764,765,-1,759,765,758,-1,758,765,766,-1,758,766,757,-1,757,766,767,-1,757,767,756,-1,756,767,768,-1,756,768,755,-1,755,768,769,-1,755,769,754,-1,754,769,770,-1,754,770,475,-1,475,770,476,-1,395,394,762,-1,762,394,771,-1,762,771,763,-1,763,771,772,-1,763,772,764,-1,764,772,773,-1,764,773,765,-1,765,773,774,-1,765,774,766,-1,766,774,775,-1,766,775,767,-1,767,775,776,-1,767,776,768,-1,768,776,777,-1,768,777,769,-1,769,777,778,-1,769,778,770,-1,770,778,489,-1,770,489,476,-1,476,489,397,-1,394,393,771,-1,771,393,516,-1,771,516,772,-1,772,516,779,-1,772,779,773,-1,773,779,780,-1,773,780,774,-1,774,780,781,-1,774,781,775,-1,775,781,782,-1,775,782,776,-1,776,782,783,-1,776,783,777,-1,777,783,784,-1,777,784,778,-1,778,784,785,-1,778,785,489,-1,489,785,488,-1,489,488,400,-1,400,488,399,-1,401,398,786,-1,786,398,488,-1,786,488,787,-1,787,488,785,-1,787,785,788,-1,788,785,784,-1,788,784,789,-1,789,784,783,-1,789,783,790,-1,790,783,782,-1,790,782,791,-1,791,782,781,-1,791,781,792,-1,792,781,780,-1,792,780,793,-1,793,780,779,-1,793,779,794,-1,794,779,516,-1,794,516,321,-1,321,516,322,-1,321,323,794,-1,794,323,515,-1,794,515,793,-1,793,515,795,-1,793,795,792,-1,792,795,796,-1,792,796,791,-1,791,796,797,-1,791,797,790,-1,790,797,798,-1,790,798,789,-1,789,798,799,-1,789,799,788,-1,788,799,800,-1,788,800,787,-1,787,800,801,-1,787,801,786,-1,786,801,487,-1,786,487,401,-1,401,487,402,-1,319,324,515,-1,515,324,802,-1,515,802,795,-1,795,802,803,-1,795,803,796,-1,796,803,804,-1,796,804,797,-1,797,804,805,-1,797,805,798,-1,798,805,806,-1,798,806,799,-1,799,806,807,-1,799,807,800,-1,800,807,808,-1,800,808,801,-1,801,808,809,-1,801,809,487,-1,487,809,486,-1,487,486,405,-1,405,486,404,-1,406,403,810,-1,810,403,486,-1,810,486,811,-1,811,486,809,-1,811,809,812,-1,812,809,808,-1,812,808,813,-1,813,808,807,-1,813,807,814,-1,814,807,806,-1,814,806,815,-1,815,806,805,-1,815,805,816,-1,816,805,804,-1,816,804,817,-1,817,804,803,-1,817,803,514,-1,514,803,802,-1,514,802,325,-1,325,802,324,-1,326,327,514,-1,514,327,579,-1,514,579,817,-1,817,579,580,-1,817,580,816,-1,816,580,582,-1,816,582,815,-1,815,582,584,-1,815,584,814,-1,814,584,586,-1,814,586,813,-1,813,586,588,-1,813,588,812,-1,812,588,590,-1,812,590,811,-1,811,590,592,-1,811,592,810,-1,810,592,594,-1,810,594,406,-1,406,594,407,-1,485,409,594,-1,594,409,408,-1,594,408,407,-1,411,410,818,-1,818,410,485,-1,818,485,819,-1,819,485,593,-1,819,593,820,-1,820,593,591,-1,820,591,821,-1,821,591,589,-1,821,589,822,-1,822,589,587,-1,822,587,823,-1,823,587,585,-1,823,585,824,-1,824,585,583,-1,824,583,825,-1,825,583,581,-1,825,581,826,-1,826,581,513,-1,826,513,329,-1,329,513,317,-1,329,330,826,-1,826,330,512,-1,826,512,825,-1,825,512,827,-1,825,827,824,-1,824,827,828,-1,824,828,823,-1,823,828,829,-1,823,829,822,-1,822,829,830,-1,822,830,821,-1,821,830,831,-1,821,831,820,-1,820,831,832,-1,820,832,819,-1,819,832,833,-1,819,833,818,-1,818,833,834,-1,818,834,411,-1,411,834,412,-1,331,332,512,-1,512,332,835,-1,512,835,827,-1,827,835,836,-1,827,836,828,-1,828,836,837,-1,828,837,829,-1,829,837,838,-1,829,838,830,-1,830,838,839,-1,830,839,831,-1,831,839,840,-1,831,840,832,-1,832,840,841,-1,832,841,833,-1,833,841,842,-1,833,842,834,-1,834,842,484,-1,834,484,412,-1,412,484,413,-1,332,337,835,-1,835,337,511,-1,835,511,836,-1,836,511,843,-1,836,843,837,-1,837,843,844,-1,837,844,838,-1,838,844,845,-1,838,845,839,-1,839,845,846,-1,839,846,840,-1,840,846,847,-1,840,847,841,-1,841,847,848,-1,841,848,842,-1,842,848,849,-1,842,849,484,-1,484,849,483,-1,484,483,416,-1,416,483,415,-1,417,414,850,-1,850,414,483,-1,850,483,851,-1,851,483,849,-1,851,849,852,-1,852,849,848,-1,852,848,853,-1,853,848,847,-1,853,847,854,-1,854,847,846,-1,854,846,855,-1,855,846,845,-1,855,845,856,-1,856,845,844,-1,856,844,857,-1,857,844,843,-1,857,843,858,-1,858,843,511,-1,858,511,334,-1,334,511,335,-1,334,333,858,-1,858,333,510,-1,858,510,857,-1,857,510,859,-1,857,859,856,-1,856,859,860,-1,856,860,855,-1,855,860,861,-1,855,861,854,-1,854,861,862,-1,854,862,853,-1,853,862,863,-1,853,863,852,-1,852,863,864,-1,852,864,851,-1,851,864,865,-1,851,865,850,-1,850,865,482,-1,850,482,417,-1,417,482,418,-1,338,339,510,-1,510,339,509,-1,510,509,859,-1,859,509,866,-1,859,866,860,-1,860,866,867,-1,860,867,861,-1,861,867,868,-1,861,868,862,-1,862,868,869,-1,862,869,863,-1,863,869,870,-1,863,870,864,-1,864,870,871,-1,864,871,865,-1,865,871,872,-1,865,872,482,-1,482,872,481,-1,482,481,421,-1,421,481,420,-1,422,419,873,-1,873,419,481,-1,873,481,874,-1,874,481,872,-1,874,872,875,-1,875,872,871,-1,875,871,876,-1,876,871,870,-1,876,870,877,-1,877,870,869,-1,877,869,878,-1,878,869,868,-1,878,868,879,-1,879,868,867,-1,879,867,880,-1,880,867,866,-1,880,866,508,-1,508,866,509,-1,508,509,343,-1,343,509,344,-1,342,341,508,-1,508,341,595,-1,508,595,880,-1,880,595,596,-1,880,596,879,-1,879,596,598,-1,879,598,878,-1,878,598,600,-1,878,600,877,-1,877,600,602,-1,877,602,876,-1,876,602,604,-1,876,604,875,-1,875,604,606,-1,875,606,874,-1,874,606,608,-1,874,608,873,-1,873,608,610,-1,873,610,422,-1,422,610,423,-1,480,425,610,-1,610,425,424,-1,610,424,423,-1,427,426,881,-1,881,426,480,-1,881,480,882,-1,882,480,609,-1,882,609,883,-1,883,609,607,-1,883,607,884,-1,884,607,605,-1,884,605,885,-1,885,605,603,-1,885,603,886,-1,886,603,601,-1,886,601,887,-1,887,601,599,-1,887,599,888,-1,888,599,597,-1,888,597,506,-1,506,597,507,-1,506,507,346,-1,346,507,345,-1,351,350,506,-1,506,350,505,-1,506,505,888,-1,888,505,889,-1,888,889,887,-1,887,889,890,-1,887,890,886,-1,886,890,891,-1,886,891,885,-1,885,891,892,-1,885,892,884,-1,884,892,893,-1,884,893,883,-1,883,893,894,-1,883,894,882,-1,882,894,895,-1,882,895,881,-1,881,895,896,-1,881,896,427,-1,427,896,428,-1,349,348,505,-1,505,348,897,-1,505,897,889,-1,889,897,898,-1,889,898,890,-1,890,898,899,-1,890,899,891,-1,891,899,900,-1,891,900,892,-1,892,900,901,-1,892,901,893,-1,893,901,902,-1,893,902,894,-1,894,902,903,-1,894,903,895,-1,895,903,904,-1,895,904,896,-1,896,904,479,-1,896,479,428,-1,428,479,429,-1,348,347,897,-1,897,347,504,-1,897,504,898,-1,898,504,905,-1,898,905,899,-1,899,905,906,-1,899,906,900,-1,900,906,907,-1,900,907,901,-1,901,907,908,-1,901,908,902,-1,902,908,909,-1,902,909,903,-1,903,909,910,-1,903,910,904,-1,904,910,911,-1,904,911,479,-1,479,911,478,-1,479,478,430,-1,430,478,431,-1,433,434,912,-1,912,434,478,-1,912,478,913,-1,913,478,911,-1,913,911,914,-1,914,911,910,-1,914,910,915,-1,915,910,909,-1,915,909,916,-1,916,909,908,-1,916,908,917,-1,917,908,907,-1,917,907,918,-1,918,907,906,-1,918,906,919,-1,919,906,905,-1,919,905,503,-1,503,905,504,-1,503,504,353,-1,353,504,352,-1,354,316,503,-1,503,316,502,-1,503,502,919,-1,919,502,920,-1,919,920,918,-1,918,920,921,-1,918,921,917,-1,917,921,922,-1,917,922,916,-1,916,922,923,-1,916,923,915,-1,915,923,924,-1,915,924,914,-1,914,924,925,-1,914,925,913,-1,913,925,926,-1,913,926,912,-1,912,926,477,-1,912,477,433,-1,433,477,432,-1,315,355,502,-1,502,355,627,-1,502,627,920,-1,920,627,625,-1,920,625,921,-1,921,625,623,-1,921,623,922,-1,922,623,621,-1,922,621,923,-1,923,621,619,-1,923,619,924,-1,924,619,617,-1,924,617,925,-1,925,617,615,-1,925,615,926,-1,926,615,613,-1,926,613,477,-1,477,613,501,-1,477,501,437,-1,437,501,436,-1,224,233,927,-1,927,233,928,-1,927,928,929,-1,929,928,930,-1,929,930,931,-1,931,930,932,-1,931,932,933,-1,933,932,934,-1,933,934,935,-1,935,934,936,-1,935,936,937,-1,937,936,938,-1,939,940,941,-1,941,940,942,-1,941,942,943,-1,943,942,944,-1,943,944,945,-1,945,944,946,-1,945,946,947,-1,947,946,948,-1,947,948,949,-1,949,948,950,-1,949,950,223,-1,223,950,234,-1,233,234,950,-1,233,950,928,-1,928,950,948,-1,928,948,930,-1,930,948,946,-1,930,946,932,-1,932,946,944,-1,932,944,934,-1,934,944,942,-1,934,942,936,-1,936,942,940,-1,936,940,938,-1,937,939,935,-1,935,939,941,-1,935,941,933,-1,933,941,943,-1,933,943,931,-1,931,943,945,-1,931,945,929,-1,929,945,947,-1,929,947,927,-1,927,947,949,-1,927,949,224,-1,224,949,223,-1,951,952,938,-1,938,952,937,-1,953,954,939,-1,939,954,940,-1,954,951,940,-1,940,951,938,-1,937,952,939,-1,939,952,953,-1,951,954,952,-1,952,954,953,-1,11,23,955,-1,955,23,956,-1,955,956,957,-1,957,956,958,-1,957,958,959,-1,959,958,960,-1,959,960,961,-1,961,960,962,-1,961,962,963,-1,963,962,964,-1,963,964,965,-1,965,964,966,-1,965,966,967,-1,967,966,968,-1,969,970,971,-1,971,970,972,-1,971,972,973,-1,973,972,974,-1,973,974,975,-1,975,974,976,-1,975,976,977,-1,977,976,978,-1,977,978,979,-1,979,978,980,-1,979,980,981,-1,981,980,982,-1,981,982,10,-1,10,982,22,-1,23,22,982,-1,23,982,956,-1,956,982,980,-1,956,980,958,-1,958,980,978,-1,958,978,960,-1,960,978,976,-1,960,976,962,-1,962,976,974,-1,962,974,964,-1,964,974,972,-1,964,972,966,-1,966,972,970,-1,966,970,968,-1,967,969,965,-1,965,969,971,-1,965,971,963,-1,963,971,973,-1,963,973,961,-1,961,973,975,-1,961,975,959,-1,959,975,977,-1,959,977,957,-1,957,977,979,-1,957,979,955,-1,955,979,981,-1,955,981,11,-1,11,981,10,-1,983,984,968,-1,968,984,967,-1,985,986,969,-1,969,986,970,-1,986,983,970,-1,970,983,968,-1,967,984,969,-1,969,984,985,-1,983,986,984,-1,984,986,985,-1,98,94,48,-1,48,94,41,-1,225,219,204,-1,204,219,201,-1,204,201,206,-1,206,201,199,-1,206,199,208,-1,208,199,197,-1,208,197,210,-1,210,197,195,-1,210,195,212,-1,212,195,193,-1,212,193,214,-1,214,193,191,-1,214,191,47,-1,47,191,99,-1,47,99,48,-1,48,99,98,-1,217,219,227,-1,227,219,225,-1,41,94,42,-1,42,94,93,-1,42,93,310,-1,310,93,301,-1,310,301,309,-1,309,301,302,-1,309,302,308,-1,308,302,303,-1,308,303,307,-1,307,303,304,-1,307,304,306,-1,306,304,305,-1,306,305,230,-1,230,305,215,-1,230,215,227,-1,227,215,217,-1,136,135,26,-1,26,135,38,-1,124,101,72,-1,72,101,32,-1,32,101,33,-1,33,101,100,-1,33,100,169,-1,169,100,151,-1,169,151,167,-1,167,151,154,-1,167,154,165,-1,165,154,156,-1,165,156,163,-1,163,156,158,-1,163,158,161,-1,161,158,160,-1,161,160,13,-1,13,160,0,-1,13,0,15,-1,15,0,2,-1,19,4,17,-1,17,4,7,-1,17,7,182,-1,182,7,179,-1,182,179,184,-1,184,179,177,-1,184,177,186,-1,186,177,175,-1,186,175,188,-1,188,175,173,-1,188,173,190,-1,190,173,171,-1,190,171,25,-1,25,171,137,-1,25,137,26,-1,26,137,136,-1,4,19,2,-1,2,19,15,-1,
        ]
    }
}